uid,glitch_rate_signal,glitch_rate_text,glitch_any,glitch_burst,glitch_iv
ABBV_20240725_EC,,0.0,0.0,0.0,0.0
ABBV_20241030_EC,,0.0,0.0,0.0,0.0
ABBV_20250131_EC,,0.0,0.0,0.0,0.0
ABBV_20250425_EC,,0.001834862385321101,1.0,1.0,0.001834862385321101
ABT_20220720_EC,,0.0,0.0,0.0,0.0
ABT_20221019_EC,,0.0017605633802816902,1.0,1.0,0.0017605633802816902
ABT_20230125_EC,,0.0,0.0,0.0,0.0
ABT_20230419_EC,,0.003913894324853229,1.0,1.0,0.003913894324853229
ABT_20230720_EC,,0.0,0.0,0.0,0.0
ABT_20231018_EC,,0.0,0.0,0.0,0.0
ABT_20240124_EC,,0.002242152466367713,1.0,1.0,0.002242152466367713
ABT_20240417_EC,,0.002188183807439825,1.0,1.0,0.002188183807439825
ABT_20240718_EC,,0.002398081534772182,1.0,1.0,0.002398081534772182
ABT_20241016_EC,,0.0,0.0,0.0,0.0
ABT_20250122_EC,,0.0,0.0,0.0,0.0
ABT_20250416_EC,,0.0,0.0,0.0,0.0
ACGL_20250211_EC,,0.0028089887640449437,1.0,1.0,0.0028089887640449437
ADBE_20241211_EC,,0.001763668430335097,1.0,1.0,0.001763668430335097
ADBE_20250312_EC,,0.0036231884057971015,1.0,1.0,0.0036231884057971015
ADBE_20250612_EC,,0.0016722408026755853,1.0,1.0,0.0016722408026755853
ADI_20230524_EC,,0.007537688442211055,1.0,1.0,0.007537688442211055
ADI_20240221_EC,,0.0,0.0,0.0,0.0
ADI_20240522_EC,,0.0,0.0,0.0,0.0
AEE_20230505_EC,,0.0,0.0,0.0,0.0
AEE_20230803_EC,,0.0,0.0,0.0,0.0
AEE_20231109_EC,,0.001589825119236884,1.0,1.0,0.001589825119236884
AEE_20240223_EC,,0.0,0.0,0.0,0.0
AEE_20240503_EC,,0.0,0.0,0.0,0.0
AEE_20240802_EC,,0.0,0.0,0.0,0.0
AEE_20241107_EC,,0.0,0.0,0.0,0.0
AEE_20250214_EC,,0.0,0.0,0.0,0.0
AEE_20250502_EC,,0.0,0.0,0.0,0.0
AFL_20221101_EC,,0.0,0.0,0.0,0.0
AFL_20230202_EC,,0.0,0.0,0.0,0.0
AFL_20230427_EC,,0.001272264631043257,1.0,1.0,0.001272264631043257
AFL_20230802_EC,,0.0,0.0,0.0,0.0
AFL_20231102_EC,,0.0031397174254317113,1.0,1.0,0.0031397174254317113
AFL_20240201_EC,,0.0,0.0,0.0,0.0
AFL_20240801_EC,,0.0,0.0,0.0,0.0
AFL_20241031_EC,,0.0,0.0,0.0,0.0
AFL_20250206_EC,,0.0,0.0,0.0,0.0
AFL_20250501_EC,,0.0,0.0,0.0,0.0
ALC_20250226_EC,,0.002232142857142857,1.0,1.0,0.002232142857142857
ALC_20250514_EC,,0.0,0.0,0.0,0.0
ALL_2025206_EC,,0.0,0.0,0.0,0.0
AMAT_20240815_EC,,0.0,0.0,0.0,0.0
AMAT_20241114_EC,,0.0,0.0,0.0,0.0
AMAT_20250213_EC,,0.0,0.0,0.0,0.0
AMAT_20250515_EC,,0.004073319755600814,1.0,1.0,0.004073319755600814
AMD_20220802_EC,,0.0,0.0,0.0,0.0
AMD_20221101_EC,,0.0,0.0,0.0,0.0
AMD_20230131_EC,,0.002688172043010753,1.0,1.0,0.002688172043010753
AMD_20230502_EC,,0.0024691358024691358,1.0,1.0,0.0024691358024691358
AMD_20230801_EC,,0.0,0.0,0.0,0.0
AMD_20231031_EC,,0.0,0.0,0.0,0.0
AMD_20240130_EC,,0.0,0.0,0.0,0.0
AMD_20240430_EC,,0.0,0.0,0.0,0.0
AMD_20240730_EC,,0.0,0.0,0.0,0.0
AMD_20241029_EC,,0.0,0.0,0.0,0.0
AMD_20250204_EC,,0.0,0.0,0.0,0.0
AMD_20250506_EC,,0.0,0.0,0.0,0.0
AME_20240801_EC,,0.001597444089456869,1.0,1.0,0.001597444089456869
AME_20241031_EC,,0.0,0.0,0.0,0.0
AME_20250204_EC,,0.0,0.0,0.0,0.0
AME_20250501_EC,,0.0,0.0,0.0,0.0
AMGN_20250501_EC,,0.0,0.0,0.0,0.0
AMT_20240430_EC,,0.0,0.0,0.0,0.0
AMT_20241029_EC,,0.0,0.0,0.0,0.0
ANET_20221031_EC,,0.0,0.0,0.0,0.0
ANET_20230213_EC,,0.0,0.0,0.0,0.0
ANET_20230501_EC,,0.0,0.0,0.0,0.0
ANET_20230731_EC,,0.0,0.0,0.0,0.0
ANET_20231030_EC,,0.0,0.0,0.0,0.0
ANET_20240212_EC,,0.0023752969121140144,1.0,1.0,0.0023752969121140144
ANET_20240507_EC,,0.0,0.0,0.0,0.0
ANET_20240730_EC,,0.0,0.0,0.0,0.0
ANET_20241107_EC,,0.0,0.0,0.0,0.0
ANET_20250218_EC,,0.0,0.0,0.0,0.0
ANET_20250506_EC,,0.0,0.0,0.0,0.0
AON_20220729_EC,,0.0,0.0,0.0,0.0
AON_20221028_EC,,0.0,0.0,0.0,0.0
AON_20230202_EC,,0.0019193857965451055,1.0,1.0,0.0019193857965451055
AON_20230428_EC,,0.0017271157167530224,1.0,1.0,0.0017271157167530224
AON_20230728_EC,,0.0,0.0,0.0,0.0
AON_20231027_EC,,0.0,0.0,0.0,0.0
AON_20240201_EC,,0.0,0.0,0.0,0.0
AON_20240426_EC,,0.0,0.0,0.0,0.0
AON_20240726_EC,,0.0,0.0,0.0,0.0
AON_20241025_EC,,0.0,0.0,0.0,0.0
AON_20250130_EC,,0.001594896331738437,1.0,1.0,0.001594896331738437
AON_20250425_EC,,0.0,0.0,0.0,0.0
APD_2022Q2_EC,,0.0009199632014719411,1.0,1.0,0.0009199632014719411
APD_2022Q3_EC,,0.003246753246753247,1.0,2.0,0.003246753246753247
APD_2022Q4_EC,,0.0008576329331046312,1.0,1.0,0.0008576329331046312
APD_2023Q1_EC,,0.0011587485515643105,1.0,1.0,0.0011587485515643105
APD_2023Q2_EC,,0.0011587485515643105,1.0,1.0,0.0011587485515643105
APD_2023Q3_EC,,0.0009569377990430622,1.0,1.0,0.0009569377990430622
APD_2023Q4_EC,,0.0,0.0,0.0,0.0
APD_2024Q1_EC,,0.0009074410163339383,1.0,1.0,0.0009074410163339383
APD_2024Q2_EC,,0.00264783759929391,1.0,1.0,0.00264783759929391
APD_2024Q3_EC,,0.000881057268722467,1.0,1.0,0.000881057268722467
APD_2024Q4_EC,,0.0007112375533428165,1.0,1.0,0.0007112375533428165
APD_2025Q1_EC,,0.002277904328018223,1.0,1.0,0.002277904328018223
APH_20230125_EC,,0.0015267175572519084,1.0,1.0,0.0015267175572519084
APH_20230426_EC,,0.002617801047120419,1.0,1.0,0.002617801047120419
APH_20230726_EC,,0.0,0.0,0.0,0.0
APH_20231025_EC,,0.0,0.0,0.0,0.0
APH_20240124_EC,,0.0042643923240938165,1.0,1.0,0.0042643923240938165
APH_20240424_EC,,0.0,0.0,0.0,0.0
APH_20240724_EC,,0.0,0.0,0.0,0.0
APH_20241023_EC,,0.0023584905660377358,1.0,1.0,0.0023584905660377358
APH_20250122_EC,,0.0018181818181818182,1.0,1.0,0.0018181818181818182
APH_20250423_EC,,0.0,0.0,0.0,0.0
APO_20250204_EC,,0.0,0.0,0.0,0.0
APO_20250502_EC,,0.0,0.0,0.0,0.0
APP_20230809_EC,,0.01932367149758454,1.0,1.0,0.01932367149758454
APP_20230811_EC,,0.009216589861751152,1.0,1.0,0.009216589861751152
APP_20240213_EC,,0.00796812749003984,1.0,1.0,0.00796812749003984
APP_20240508_EC,,0.008298755186721992,1.0,1.0,0.008298755186721992
APP_20240611_EC,,0.010135135135135136,1.0,1.0,0.010135135135135136
APP_20240807_EC,,0.01276595744680851,1.0,1.0,0.01276595744680851
APP_20250212_EC,,0.0028653295128939827,1.0,1.0,0.0028653295128939827
APP_20250507_EC,,0.008021390374331552,1.0,1.0,0.008021390374331552
ARM_20240731_EC,,0.0,0.0,0.0,0.0
ARM_20241106_EC,,0.0,0.0,0.0,0.0
ARM_20250205_EC,,0.0,0.0,0.0,0.0
ASML_20220720_EC,,0.0,0.0,0.0,0.0
ASML_20221019_EC,,0.0,0.0,0.0,0.0
ASML_20230125_EC,,0.0,0.0,0.0,0.0
ASML_20230419_EC,,0.001644736842105263,1.0,1.0,0.001644736842105263
ASML_20230719_EC,,0.0,0.0,0.0,0.0
ASML_20231018_EC,,0.0,0.0,0.0,0.0
ASML_20240124_EC,,0.0,0.0,0.0,0.0
ASML_20240417_EC,,0.0,0.0,0.0,0.0
ASML_20240717_EC,,0.0,0.0,0.0,0.0
ASML_20241016_EC,,0.0022935779816513763,1.0,1.0,0.0022935779816513763
ASML_20250129_EC,,0.0,0.0,0.0,0.0
ASML_20250416_EC,,0.0,0.0,0.0,0.0
AWK_20240801_EC,,0.0,0.0,0.0,0.0
AWK_20241031_EC,,0.0,0.0,0.0,0.0
AWK_20250220_EC,,0.002380952380952381,1.0,1.0,0.002380952380952381
AWK_20250501_EC,,0.0041841004184100415,1.0,1.0,0.0041841004184100415
AXP_20220722_EC,,0.002325581395348837,1.0,2.0,0.002325581395348837
AXP_20221021_EC,,0.0,0.0,0.0,0.0
AXP_20230127_EC,,0.0,0.0,0.0,0.0
AXP_20230420_EC,,0.0,0.0,0.0,0.0
AXP_20230721_EC,,0.0,0.0,0.0,0.0
AXP_20231020_EC,,0.0017241379310344827,1.0,1.0,0.0017241379310344827
AXP_20240126_EC,,0.0,0.0,0.0,0.0
AXP_20240419_EC,,0.0019342359767891683,1.0,1.0,0.0019342359767891683
AXP_20240719_EC,,0.0,0.0,0.0,0.0
AXP_20241018_EC,,0.0,0.0,0.0,0.0
AXP_20250124_EC,,0.0018281535648994515,1.0,1.0,0.0018281535648994515
AXP_20250417_EC,,0.0021413276231263384,1.0,1.0,0.0021413276231263384
AZN_20220729_EC,,0.001430615164520744,1.0,1.0,0.001430615164520744
AZN_20221110_EC,,0.005917159763313609,1.0,1.0,0.005917159763313609
AZN_20230209_EC,,0.002717391304347826,1.0,1.0,0.002717391304347826
AZN_20230427_EC,,0.0,0.0,0.0,0.0
AZN_20230728_EC,,0.001402524544179523,1.0,1.0,0.001402524544179523
AZN_20231109_EC,,0.0028011204481792717,1.0,1.0,0.0028011204481792717
AZN_20240208_EC,,0.0,0.0,0.0,0.0
AZN_20240425_EC,,0.0018867924528301887,1.0,1.0,0.0018867924528301887
AZN_20240725_EC,,0.0016778523489932886,1.0,1.0,0.0016778523489932886
AZN_20241112_EC,,0.0033783783783783786,1.0,1.0,0.0033783783783783786
AZN_20250206_EC,,0.0,0.0,0.0,0.0
AZN_20250429_EC,,0.009693053311793215,1.0,1.0,0.009693053311793215
AZO_2023Q3_EC,,0.0,0.0,0.0,0.0
AZO_2023Q4_EC,,0.0,0.0,0.0,0.0
AZO_2024Q1_EC,,0.0,0.0,0.0,0.0
AZO_2024Q2_EC,,0.0,0.0,0.0,0.0
AZO_2024Q3_EC,,0.0,0.0,0.0,0.0
AZO_2024Q4_EC,,0.0,0.0,0.0,0.0
AZO_2025Q1_EC,,0.0,0.0,0.0,0.0
BABA_20240815_EC,,0.003484320557491289,1.0,1.0,0.003484320557491289
BABA_20241115_EC,,0.0,0.0,0.0,0.0
BABA_20250220_EC,,0.0,0.0,0.0,0.0
BABA_20250515_EC,,0.0,0.0,0.0,0.0
BAC_20250116_EC,,0.0009727626459143969,1.0,1.0,0.0009727626459143969
BAC_20250415_EC,,0.0,0.0,0.0,0.0
BA_20221026_EC,,0.0021929824561403508,1.0,1.0,0.0021929824561403508
BA_20230125_EC,,0.001838235294117647,1.0,1.0,0.001838235294117647
BA_20230426_EC,,0.0035842293906810036,1.0,1.0,0.0035842293906810036
BA_20230726_EC,,0.0038314176245210726,1.0,1.0,0.0038314176245210726
BA_20231025_EC,,0.0014947683109118087,1.0,1.0,0.0014947683109118087
BA_20240131_EC,,0.004511278195488722,1.0,3.0,0.004511278195488722
BA_20240424_EC,,0.003257328990228013,1.0,1.0,0.003257328990228013
BA_20240731_EC,,0.0018315018315018315,1.0,1.0,0.0018315018315018315
BA_20241023_EC,,0.0018975332068311196,1.0,1.0,0.0018975332068311196
BA_20250128_EC,,0.003663003663003663,1.0,1.0,0.003663003663003663
BA_20250423_EC,,0.0,0.0,0.0,0.0
BKNG_20220803_EC,,0.0,0.0,0.0,0.0
BKNG_20221102_EC,,0.0,0.0,0.0,0.0
BKNG_20230223_EC,,0.0,0.0,0.0,0.0
BKNG_20230504_EC,,0.0,0.0,0.0,0.0
BKNG_20230803_EC,,0.00202020202020202,1.0,1.0,0.00202020202020202
BKNG_20231102_EC,,0.0,0.0,0.0,0.0
BKNG_20240222_EC,,0.0,0.0,0.0,0.0
BKNG_20240502_EC,,0.002242152466367713,1.0,1.0,0.002242152466367713
BKNG_20240801_EC,,0.0,0.0,0.0,0.0
BKNG_20241030_EC,,0.0,0.0,0.0,0.0
BKNG_20250220_EC,,0.0,0.0,0.0,0.0
BKNG_20250429_EC,,0.002232142857142857,1.0,1.0,0.002232142857142857
BLK_20220715_EC,,0.0,0.0,0.0,0.0
BLK_20221013_EC,,0.001524390243902439,1.0,1.0,0.001524390243902439
BLK_20230113_EC,,0.0014326647564469914,1.0,1.0,0.0014326647564469914
BLK_20230414_EC,,0.0035087719298245615,1.0,1.0,0.0035087719298245615
BLK_20230714_EC,,0.0016181229773462784,1.0,1.0,0.0016181229773462784
BLK_20231013_EC,,0.0016474464579901153,1.0,1.0,0.0016474464579901153
BLK_20240112_EC,,0.00125,1.0,1.0,0.00125
BLK_20240412_EC,,0.0016835016835016834,1.0,1.0,0.0016835016835016834
BLK_20240715_EC,,0.001579778830963665,1.0,1.0,0.001579778830963665
BLK_20241011_EC,,0.0049833887043189366,1.0,1.0,0.0049833887043189366
BLK_20250115_EC,,0.0016155088852988692,1.0,1.0,0.0016155088852988692
BLK_20250411_EC,,0.0016722408026755853,1.0,1.0,0.0016722408026755853
BMO_20220830_EC,,0.001466275659824047,1.0,1.0,0.001466275659824047
BMO_20221201_EC,,0.0,0.0,0.0,0.0
BMO_20230228_EC,,0.0,0.0,0.0,0.0
BMO_20230524_EC,,0.0,0.0,0.0,0.0
BMO_20230829_EC,,0.0,0.0,0.0,0.0
BMO_20231201_EC,,0.0,0.0,0.0,0.0
BMO_20240227_EC,,0.0010695187165775401,1.0,1.0,0.0010695187165775401
BMO_20240529_EC,,0.0,0.0,0.0,0.0
BMO_20240827_EC,,0.0,0.0,0.0,0.0
BMO_20241205_EC,,0.0,0.0,0.0,0.0
BMO_20250225_EC,,0.0,0.0,0.0,0.0
BMO_20250528_EC,,0.0,0.0,0.0,0.0
BMY_20230202_EC,,0.001949317738791423,1.0,1.0,0.001949317738791423
BMY_20240202_EC,,0.0,0.0,0.0,0.0
BMY_20240425_EC,,0.0,0.0,0.0,0.0
BMY_20240726_EC,,0.0,0.0,0.0,0.0
BMY_20241031_EC,,0.0,0.0,0.0,0.0
BMY_20250206_EC,,0.01405152224824356,1.0,1.0,0.01405152224824356
BMY_20250424_EC,,0.007125890736342043,1.0,1.0,0.007125890736342043
BNS_20220525_EC,,0.0,0.0,0.0,0.0
BNS_20220823_EC,,0.0,0.0,0.0,0.0
BNS_20221129_EC,,0.0,0.0,0.0,0.0
BNS_20240227_EC,,0.0,0.0,0.0,0.0
BNS_20240228_EC,,0.0,0.0,0.0,0.0
BNS_20240524_EC,,0.0,0.0,0.0,0.0
BNS_20240528_EC,,0.0,0.0,0.0,0.0
BNS_20240827_EC,,0.0,0.0,0.0,0.0
BNS_20240829_EC,,0.0,0.0,0.0,0.0
BNS_20241128_EC,,0.0,0.0,0.0,0.0
BNS_20241203_EC,,0.0,0.0,0.0,0.0
BNS_20250225_EC,,0.0,0.0,0.0,0.0
BNS_20250527_EC,,0.0,0.0,0.0,0.0
BRO_20250429_EC,,0.0,0.0,0.0,0.0
BSX_20240724_EC,,0.0015432098765432098,1.0,1.0,0.0015432098765432098
BSX_20241023_EC,,0.0016051364365971107,1.0,1.0,0.0016051364365971107
BSX_20250205_EC,,0.0011494252873563218,1.0,1.0,0.0011494252873563218
BSX_20250423_EC,,0.0,0.0,0.0,0.0
BUD_20240801_EC,,0.0,0.0,0.0,0.0
BUD_20241031_EC,,0.0,0.0,0.0,0.0
BUD_20250226_EC,,0.0,0.0,0.0,0.0
BUD_20250508_EC,,0.0008726003490401396,1.0,1.0,0.0008726003490401396
BX_20240125_EC,,0.00141643059490085,1.0,1.0,0.00141643059490085
BX_20240418_EC,,0.0029411764705882353,1.0,1.0,0.0029411764705882353
BX_20240618_EC,,0.0030441400304414,1.0,1.0,0.0030441400304414
BX_20241017_EC,,0.002770083102493075,1.0,1.0,0.002770083102493075
BX_20250130_EC,,0.0023612750885478157,1.0,1.0,0.0023612750885478157
BX_20250417_EC,,0.001440922190201729,1.0,1.0,0.001440922190201729
CARR_2023Q4_EC,,0.0014347202295552368,1.0,1.0,0.0014347202295552368
CARR_2024Q1_EC,,0.0,0.0,0.0,0.0
CARR_2024Q3_EC,,0.0,0.0,0.0,0.0
CARR_2024Q4_EC,,0.0013550135501355014,1.0,1.0,0.0013550135501355014
CAT_20240806_EC,,0.0,0.0,0.0,0.0
CAT_20241030_EC,,0.0,0.0,0.0,0.0
CAT_20250130_EC,,0.0,0.0,0.0,0.0
CAT_20250430_EC,,0.0,0.0,0.0,0.0
CBRE_20250213_EC,,0.0,0.0,0.0,0.0
CBRE_20250424_EC,,0.0,0.0,0.0,0.0
CCEP_20240807_EC,,0.0,0.0,0.0,0.0
CCEP_20241105_EC,,0.0016722408026755853,1.0,1.0,0.0016722408026755853
CCEP_20250214_EC,,0.0,0.0,0.0,0.0
CCEP_20250429_EC,,0.0,0.0,0.0,0.0
CCJ_20250501_EC,,0.0063025210084033615,1.0,1.0,0.0063025210084033615
CCZ_20220728_EC,,0.0,0.0,0.0,0.0
CCZ_20230126_EC,,0.0016666666666666668,1.0,1.0,0.0016666666666666668
CCZ_20230727_EC,,0.0,0.0,0.0,0.0
CCZ_20240723_EC,,0.0,0.0,0.0,0.0
CCZ_20241031_EC,,0.0,0.0,0.0,0.0
CCZ_20250130_EC,,0.001976284584980237,1.0,1.0,0.001976284584980237
CCZ_20250424_EC,,0.0,0.0,0.0,0.0
CEG_20220804_EC,,0.0,0.0,0.0,0.0
CEG_20221108_EC,,0.0011013215859030838,1.0,1.0,0.0011013215859030838
CEG_20230216_EC,,0.0,0.0,0.0,0.0
CEG_20230504_EC,,0.0,0.0,0.0,0.0
CEG_20230803_EC,,0.0,0.0,0.0,0.0
CEG_20231106_EC,,0.0,0.0,0.0,0.0
CEG_20240227_EC,,0.0,0.0,0.0,0.0
CEG_20240806_EC,,0.0,0.0,0.0,0.0
CEG_20241104_EC,,0.0,0.0,0.0,0.0
CEG_20250506_EC,,0.0,0.0,0.0,0.0
CHT_20210504_EC,,0.0015015015015015015,1.0,1.0,0.0015015015015015015
CHT_20210730_EC,,0.0,0.0,0.0,0.0
CHT_20211101_EC,,0.0,0.0,0.0,0.0
CHT_20220126_EC,,0.0017513134851138354,1.0,1.0,0.0017513134851138354
CHT_20220503_EC,,0.0,0.0,0.0,0.0
CHT_20220729_EC,,0.0,0.0,0.0,0.0
CHT_20221101_EC,,0.0,0.0,0.0,0.0
CHT_20230202_EC,,0.0,0.0,0.0,0.0
CHT_20230509_EC,,0.0,0.0,0.0,0.0
CHT_20230808_EC,,0.0,0.0,0.0,0.0
CHT_20231102_EC,,0.0,0.0,0.0,0.0
CHT_20240130_EC,,0.0,0.0,0.0,0.0
CHT_20240502_EC,,0.0,0.0,0.0,0.0
CHT_20240806_EC,,0.0,0.0,0.0,0.0
CHT_20241106_EC,,0.0,0.0,0.0,0.0
CHT_20250123_EC,,0.0,0.0,0.0,0.0
CHT_20250508_EC,,0.0,0.0,0.0,0.0
CL_20241025_EC,,0.0,0.0,0.0,0.0
CL_20250131_EC,,0.0,0.0,0.0,0.0
CL_20250425_EC,,0.0,0.0,0.0,0.0
CMCSA_20230727_EC,,0.0,0.0,0.0,0.0
CMCSA_20240723_EC,,0.0,0.0,0.0,0.0
CMCSA_20241031_EC,,0.0,0.0,0.0,0.0
CMCSA_20250130_EC,,0.0019230769230769232,1.0,1.0,0.0019230769230769232
CMCSA_20250424_EC,,0.0,0.0,0.0,0.0
CME_20221026_EC,,0.0,0.0,0.0,0.0
CME_20230426_EC,,0.004662004662004662,1.0,1.0,0.004662004662004662
CME_20240214_EC,,0.0,0.0,0.0,0.0
CME_20240424_EC,,0.0018148820326678765,1.0,1.0,0.0018148820326678765
CME_20240724_EC,,0.0016891891891891893,1.0,1.0,0.0016891891891891893
CME_20241023_EC,,0.0,0.0,0.0,0.0
CME_20250212_EC,,0.0013679890560875513,1.0,1.0,0.0013679890560875513
CME_20250423_EC,,0.001953125,1.0,1.0,0.001953125
CMG_20230207_EC,,0.001639344262295082,1.0,1.0,0.001639344262295082
CMG_20230425_EC,,0.0,0.0,0.0,0.0
CMG_20231026_EC,,0.0,0.0,0.0,0.0
CMG_20240206_EC,,0.0,0.0,0.0,0.0
CMG_20240424_EC,,0.0017211703958691911,1.0,1.0,0.0017211703958691911
CMG_20241029_EC,,0.0,0.0,0.0,0.0
CMG_20250204_EC,,0.0,0.0,0.0,0.0
CMG_20250423_EC,,0.0,0.0,0.0,0.0
CMI_20250204_EC,,0.001652892561983471,1.0,1.0,0.001652892561983471
CMI_20250505_EC,,0.0,0.0,0.0,0.0
CMS_2025Q1_EC,,0.001851851851851852,1.0,1.0,0.001851851851851852
CNC_20240426_EC,,0.003169572107765452,1.0,1.0,0.003169572107765452
CNC_20250425_EC,,0.0,0.0,0.0,0.0
COF_20230124_EC,,0.0022522522522522522,1.0,1.0,0.0022522522522522522
COF_20230720_EC,,0.0,0.0,0.0,0.0
COF_20240125_EC,,0.0,0.0,0.0,0.0
COF_20240425_EC,,0.0,0.0,0.0,0.0
COF_20241024_EC,,0.0,0.0,0.0,0.0
COF_20250121_EC,,0.0,0.0,0.0,0.0
COR_20231102_EC,,0.0,0.0,0.0,0.0
COR_20240131_EC,,0.0,0.0,0.0,0.0
COR_20240501_EC,,0.0,0.0,0.0,0.0
COR_20240731_EC,,0.0022026431718061676,1.0,1.0,0.0022026431718061676
COR_20241106_EC,,0.0,0.0,0.0,0.0
COR_20250205_EC,,0.0019011406844106464,1.0,1.0,0.0019011406844106464
CPNG_20230228_EC,,0.003246753246753247,1.0,1.0,0.003246753246753247
CPNG_20231107_EC,,0.0024271844660194173,1.0,1.0,0.0024271844660194173
CPNG_20240227_EC,,0.0024752475247524753,1.0,1.0,0.0024752475247524753
CPNG_20240507_EC,,0.002304147465437788,1.0,1.0,0.002304147465437788
CPNG_20241105_EC,,0.0030581039755351682,1.0,1.0,0.0030581039755351682
CPNG_20250225_EC,,0.0024449877750611247,1.0,1.0,0.0024449877750611247
CPNG_20250506_EC,,0.003436426116838488,1.0,1.0,0.003436426116838488
CRH_2024Q1_EC,,0.002688172043010753,1.0,1.0,0.002688172043010753
CRH_2025Q1_EC,,0.0033222591362126247,1.0,1.0,0.0033222591362126247
CRM_20240228_EC,,0.0,0.0,0.0,0.0
CRM_20240529_EC,,0.0056657223796034,1.0,1.0,0.0056657223796034
CRM_20240824_EC,,0.006711409395973154,1.0,1.0,0.006711409395973154
CRM_20241203_EC,,0.0017605633802816902,1.0,1.0,0.0017605633802816902
CRM_20250226_EC,,0.0,0.0,0.0,0.0
CRM_20250528_EC,,0.003418803418803419,1.0,1.0,0.003418803418803419
CRWD_20240604_EC,,0.0,0.0,0.0,0.0
CRWD_20240828_EC,,0.022022022022022022,1.0,2.0,0.022022022022022022
CRWD_20241126_EC,,0.02,1.0,1.0,0.02
CRWD_20250304_EC,,0.009933774834437087,1.0,1.0,0.009933774834437087
CRWD_20250603_EC,,0.03225806451612903,1.0,1.0,0.03225806451612903
CRWV_20250422_EC,,0.0030816640986132513,1.0,1.0,0.0030816640986132513
CSX_2024Q4_EC,,0.0030911901081916537,1.0,1.0,0.0030911901081916537
CSX_2025Q1_EC,,0.0017421602787456446,1.0,1.0,0.0017421602787456446
CTVA_20230804_EC,,0.0030165912518853697,1.0,1.0,0.0030165912518853697
CTVA_20240201_EC,,0.0015408320493066256,1.0,1.0,0.0015408320493066256
CUK_20240930_EC,,0.0,0.0,0.0,0.0
CUK_20241120_EC,,0.0019047619047619048,1.0,1.0,0.0019047619047619048
CUK_20250321_EC,,0.0018484288354898336,1.0,1.0,0.0018484288354898336
CUK_20250624_EC,,0.0,0.0,0.0,0.0
CVX_20220729_EC,,0.0,0.0,0.0,0.0
CVX_20230127_EC,,0.0,0.0,0.0,0.0
CVX_20230428_EC,,0.0,0.0,0.0,0.0
CVX_20230728_EC,,0.0,0.0,0.0,0.0
CVX_20231027_EC,,0.0,0.0,0.0,0.0
CVX_20240202_EC,,0.0041928721174004195,1.0,1.0,0.0041928721174004195
CVX_20240426_EC,,0.0,0.0,0.0,0.0
CVX_20240802_EC,,0.002288329519450801,1.0,1.0,0.002288329519450801
CVX_20241101_EC,,0.004434589800443459,1.0,2.0,0.004434589800443459
CVX_20250131_EC,,0.0016142050040355124,1.0,2.0,0.0016142050040355124
CVX_20250502_EC,,0.0025380710659898475,1.0,1.0,0.0025380710659898475
C_20220715_EC,,0.0013717421124828531,1.0,1.0,0.0013717421124828531
C_20221014_EC,,0.0,0.0,0.0,0.0
C_20230113_EC,,0.0,0.0,0.0,0.0
C_20230414_EC,,0.0,0.0,0.0,0.0
C_20230714_EC,,0.0,0.0,0.0,0.0
C_20231013_EC,,0.0,0.0,0.0,0.0
C_20240112_EC,,0.0009523809523809524,1.0,1.0,0.0009523809523809524
C_20240412_EC,,0.0024752475247524753,1.0,1.0,0.0024752475247524753
C_20240712_EC,,0.0,0.0,0.0,0.0
C_20241015_EC,,0.0009643201542912247,1.0,1.0,0.0009643201542912247
C_20250115_EC,,0.0,0.0,0.0,0.0
C_20250415_EC,,0.001081081081081081,1.0,1.0,0.001081081081081081
DAL_20220713_EC,,0.0035545023696682463,1.0,1.0,0.0035545023696682463
DAL_20221013_EC,,0.005822416302765648,1.0,1.0,0.005822416302765648
DAL_20230113_EC,,0.0,0.0,0.0,0.0
DAL_20230413_EC,,0.0014124293785310734,1.0,1.0,0.0014124293785310734
DAL_20230713_EC,,0.0,0.0,0.0,0.0
DAL_20231012_EC,,0.0,0.0,0.0,0.0
DAL_20240112_EC,,0.0,0.0,0.0,0.0
DAL_20240410_EC,,0.0017985611510791368,1.0,1.0,0.0017985611510791368
DAL_20240711_EC,,0.001607717041800643,1.0,1.0,0.001607717041800643
DAL_20241010_EC,,0.0016863406408094434,1.0,1.0,0.0016863406408094434
DAL_20250110_EC,,0.0,0.0,0.0,0.0
DAL_20250409_EC,,0.005,1.0,3.0,0.005
DB_20250429_EC,,0.0024479804161566705,1.0,1.0,0.0024479804161566705
DDOG_20230808_EC,,0.003105590062111801,1.0,1.0,0.003105590062111801
DDOG_20231107_EC,,0.0016556291390728477,1.0,1.0,0.0016556291390728477
DDOG_20240213_EC,,0.0,0.0,0.0,0.0
DDOG_20240507_EC,,0.001610305958132045,1.0,1.0,0.001610305958132045
DDOG_20240808_EC,,0.0,0.0,0.0,0.0
DDOG_20241107_EC,,0.0015748031496062992,1.0,1.0,0.0015748031496062992
DDOG_20250213_EC,,0.001564945226917058,1.0,1.0,0.001564945226917058
DDOG_20250506_EC,,0.0018248175182481751,1.0,1.0,0.0018248175182481751
DE_20230218_EC,,0.0,0.0,0.0,0.0
DE_20230519_EC,,0.001996007984031936,1.0,1.0,0.001996007984031936
DE_20230818_EC,,0.0,0.0,0.0,0.0
DE_20231123_EC,,0.0,0.0,0.0,0.0
DE_20240216_EC,,0.0015313935681470138,1.0,1.0,0.0015313935681470138
DE_20240516_EC,,0.0,0.0,0.0,0.0
DE_20240815_EC,,0.0,0.0,0.0,0.0
DE_20241122_EC,,0.0,0.0,0.0,0.0
DE_20250214_EC,,0.0,0.0,0.0,0.0
DE_20250515_EC,,0.0,0.0,0.0,0.0
DHR_20240723_EC,,0.0033076074972436605,1.0,2.0,0.0033076074972436605
DHR_20241022_EC,,0.002325581395348837,1.0,2.0,0.002325581395348837
DHR_20250129_EC,,0.002369668246445498,1.0,1.0,0.002369668246445498
DHR_20250422_EC,,0.00196078431372549,1.0,1.0,0.00196078431372549
DLR_20240725_EC,,0.0,0.0,0.0,0.0
DLR_20241024_EC,,0.0,0.0,0.0,0.0
DLR_20250213_EC,,0.0,0.0,0.0,0.0
DLTR_2022Q3_EC,,0.0,0.0,0.0,0.0
DLTR_2022Q4_EC,,0.0,0.0,0.0,0.0
DLTR_2023Q1_EC,,0.0,0.0,0.0,0.0
DLTR_2023Q2_EC,,0.0,0.0,0.0,0.0
DLTR_2023Q3_EC,,0.0015313935681470138,1.0,1.0,0.0015313935681470138
DLTR_2023Q4_EC,,0.00130718954248366,1.0,1.0,0.00130718954248366
DLTR_2024Q1_EC,,0.0,0.0,0.0,0.0
DLTR_2024Q2_EC,,0.0,0.0,0.0,0.0
DLTR_2024Q3_EC,,0.0,0.0,0.0,0.0
DLTR_2024Q4_EC,,0.002036659877800407,1.0,1.0,0.002036659877800407
DLTR_2025Q1_EC,,0.002036659877800407,1.0,1.0,0.002036659877800407
DRI_20240620_EC,,0.0013698630136986301,1.0,1.0,0.0013698630136986301
DRI_20240919_EC,,0.0,0.0,0.0,0.0
DRI_20241219_EC,,0.0,0.0,0.0,0.0
DRI_20250320_EC,,0.0,0.0,0.0,0.0
DRI_20250629_EC,,0.0,0.0,0.0,0.0
DTE_20220428_EC,,0.0029850746268656717,1.0,1.0,0.0029850746268656717
DTE_20220728_EC,,0.001841620626151013,1.0,1.0,0.001841620626151013
DTE_20221027_EC,,0.0,0.0,0.0,0.0
DTE_20230223_EC,,0.001670843776106934,1.0,1.0,0.001670843776106934
DTE_20230427_EC,,0.0017006802721088435,1.0,1.0,0.0017006802721088435
DTE_20230727_EC,,0.0,0.0,0.0,0.0
DTE_20231101_EC,,0.0013440860215053765,1.0,1.0,0.0013440860215053765
DTE_20240208_EC,,0.0014577259475218659,1.0,1.0,0.0014577259475218659
DTE_20240425_EC,,0.0015822784810126582,1.0,1.0,0.0015822784810126582
DTE_20240725_EC,,0.0014727540500736377,1.0,1.0,0.0014727540500736377
DTE_20241024_EC,,0.0,0.0,0.0,0.0
DTE_20250213_EC,,0.0015290519877675841,1.0,1.0,0.0015290519877675841
DTE_20250501_EC,,0.003305785123966942,1.0,1.0,0.003305785123966942
DUK_20230209_EC,,0.0,0.0,0.0,0.0
DUK_20250213_EC,,0.006802721088435374,1.0,1.0,0.006802721088435374
DXCM_20211027_EC,,0.0,0.0,0.0,0.0
DXCM_20220209_EC,,0.0,0.0,0.0,0.0
DXCM_20220427_EC,,0.0025575447570332483,1.0,1.0,0.0025575447570332483
DXCM_20220727_EC,,0.0,0.0,0.0,0.0
DXCM_20231109_EC,,0.002325581395348837,1.0,1.0,0.002325581395348837
DXCM_20240425_EC,,0.0018796992481203006,1.0,1.0,0.0018796992481203006
DXCM_20240725_EC,,0.0,0.0,0.0,0.0
DXCM_20241024_EC,,0.0022026431718061676,1.0,1.0,0.0022026431718061676
DXCM_20241026_EC,,0.0025575447570332483,1.0,1.0,0.0025575447570332483
DXCM_20250213_EC,,0.002197802197802198,1.0,1.0,0.002197802197802198
DXCM_20250501_EC,,0.0,0.0,0.0,0.0
EA_2023Q3_EC,,0.0024096385542168677,1.0,1.0,0.0024096385542168677
EA_2023Q4_EC,,0.0,0.0,0.0,0.0
EA_2024Q1_EC,,0.0024429967426710096,1.0,1.0,0.0024429967426710096
EA_2024Q2_EC,,0.0,0.0,0.0,0.0
EA_2024Q3_EC,,0.002583979328165375,1.0,1.0,0.002583979328165375
EA_2024Q4_EC,,0.004901960784313725,1.0,1.0,0.004901960784313725
EA_2025Q1_EC,,0.0,0.0,0.0,0.0
EBAY_20220504_EC,,0.002688172043010753,1.0,1.0,0.002688172043010753
EBAY_20220803_EC,,0.0013679890560875513,1.0,1.0,0.0013679890560875513
EBAY_20221102_EC,,0.002600780234070221,1.0,1.0,0.002600780234070221
EBAY_20230222_EC,,0.0012468827930174563,1.0,1.0,0.0012468827930174563
EBAY_20230426_EC,,0.0014749262536873156,1.0,1.0,0.0014749262536873156
EBAY_20230726_EC,,0.001447178002894356,1.0,1.0,0.001447178002894356
EBAY_20231107_EC,,0.002185792349726776,1.0,1.0,0.002185792349726776
EBAY_20240227_EC,,0.0015527950310559005,1.0,1.0,0.0015527950310559005
EBAY_20240501_EC,,0.0,0.0,0.0,0.0
EBAY_20240731_EC,,0.0039164490861618795,1.0,1.0,0.0039164490861618795
EBAY_20241030_EC,,0.001358695652173913,1.0,1.0,0.001358695652173913
EBAY_20250226_EC,,0.0013550135501355014,1.0,1.0,0.0013550135501355014
EFX_20240718_EC,,0.0,0.0,0.0,0.0
EFX_20250206_EC,,0.0,0.0,0.0,0.0
EL_20240819_EC,,0.0,0.0,0.0,0.0
EL_20241031_EC,,0.0,0.0,0.0,0.0
EL_20250204_EC,,0.0,0.0,0.0,0.0
EL_20250501_EC,,0.0,0.0,0.0,0.0
EMR_20250507_EC,,0.0,0.0,0.0,0.0
ENB_20240209_EC,,0.0,0.0,0.0,0.0
ENB_20240510_EC,,0.0014534883720930232,1.0,1.0,0.0014534883720930232
ENB_20240802_EC,,0.0,0.0,0.0,0.0
ENB_20241101_EC,,0.0,0.0,0.0,0.0
ENB_20250214_EC,,0.0,0.0,0.0,0.0
ENB_20250509_EC,,0.0,0.0,0.0,0.0
EOG_20240802_EC,,0.0019305019305019305,1.0,1.0,0.0019305019305019305
EOG_20241108_EC,,0.0017094017094017094,1.0,1.0,0.0017094017094017094
EOG_20250228_EC,,0.00211864406779661,1.0,1.0,0.00211864406779661
EOG_20250502_EC,,0.006036217303822937,1.0,1.0,0.006036217303822937
EQIX_20250430_EC,,0.0,0.0,0.0,0.0
ETN_20240801_EC,,0.0,0.0,0.0,0.0
ETN_20241031_EC,,0.0,0.0,0.0,0.0
ETN_20250201_EC,,0.00129366106080207,1.0,1.0,0.00129366106080207
ETN_20250502_EC,,0.003883495145631068,1.0,1.0,0.003883495145631068
ETR_20240801_EC,,0.003316749585406302,1.0,1.0,0.003316749585406302
ETR_20241031_EC,,0.0028368794326241137,1.0,1.0,0.0028368794326241137
ETR_20250218_EC,,0.0019267822736030828,1.0,1.0,0.0019267822736030828
ETR_20250429_EC,,0.0017421602787456446,1.0,1.0,0.0017421602787456446
ET_2024Q4_EC,,0.0,0.0,0.0,0.0
ET_2025Q1_EC,,0.002824858757062147,1.0,1.0,0.002824858757062147
EW_20240724_EC,,0.0,0.0,0.0,0.0
EW_20241024_EC,,0.0,0.0,0.0,0.0
EW_20250211_EC,,0.0,0.0,0.0,0.0
EW_20250423_EC,,0.005366726296958855,1.0,1.0,0.005366726296958855
EXR_20250226_EC,,0.0,0.0,0.0,0.0
EXR_20250430_EC,,0.0,0.0,0.0,0.0
E_20220729_EC,,0.0026246719160104987,1.0,1.0,0.0026246719160104987
E_20221028_EC,,0.0,0.0,0.0,0.0
E_20230428_EC,,0.0,0.0,0.0,0.0
E_20230728_EC,,0.001976284584980237,1.0,1.0,0.001976284584980237
E_20231027_EC,,0.0,0.0,0.0,0.0
E_20240216_EC,,0.0,0.0,0.0,0.0
E_20240424_EC,,0.0,0.0,0.0,0.0
E_20240726_EC,,0.0,0.0,0.0,0.0
E_20241025_EC,,0.0,0.0,0.0,0.0
E_20250424_EC,,0.002631578947368421,1.0,1.0,0.002631578947368421
FANG_20240806_EC,,0.0,0.0,0.0,0.0
FANG_20241105_EC,,0.003896103896103896,1.0,1.0,0.003896103896103896
FANG_20250225_EC,,0.0036036036036036037,1.0,1.0,0.0036036036036036037
FANG_20250506_EC,,0.0014771048744460858,1.0,1.0,0.0014771048744460858
FE_20240731_EC,,0.0012165450121654502,1.0,1.0,0.0012165450121654502
FE_20241030_EC,,0.0,0.0,0.0,0.0
FE_20250227_EC,,0.001314060446780552,1.0,1.0,0.001314060446780552
FE_20250424_EC,,0.0,0.0,0.0,0.0
FITB_20220721_EC,,0.0015384615384615385,1.0,1.0,0.0015384615384615385
FITB_20221020_EC,,0.002642007926023778,1.0,1.0,0.002642007926023778
FITB_20230119_EC,,0.001652892561983471,1.0,1.0,0.001652892561983471
FITB_20230420_EC,,0.0,0.0,0.0,0.0
FITB_20230720_EC,,0.0016181229773462784,1.0,1.0,0.0016181229773462784
FITB_20231019_EC,,0.0033003300330033004,1.0,1.0,0.0033003300330033004
FITB_20240119_EC,,0.0018181818181818182,1.0,1.0,0.0018181818181818182
FITB_20240419_EC,,0.0,0.0,0.0,0.0
FITB_20240719_EC,,0.0037105751391465678,1.0,1.0,0.0037105751391465678
FITB_20241018_EC,,0.003472222222222222,1.0,1.0,0.003472222222222222
FITB_20250121_EC,,0.0017605633802816902,1.0,1.0,0.0017605633802816902
FITB_20250417_EC,,0.0016501650165016502,1.0,1.0,0.0016501650165016502
FI_20221027_EC,,0.0,0.0,0.0,0.0
FI_20230207_EC,,0.001375515818431912,1.0,1.0,0.001375515818431912
FI_20230425_EC,,0.0,0.0,0.0,0.0
FI_20231024_EC,,0.0011049723756906078,1.0,1.0,0.0011049723756906078
FI_20240423_EC,,0.0,0.0,0.0,0.0
FI_20240724_EC,,0.0010775862068965517,1.0,1.0,0.0010775862068965517
FI_20241022_EC,,0.0,0.0,0.0,0.0
FI_20250424_EC,,0.0,0.0,0.0,0.0
FNV_20240814_EC,,0.0,0.0,0.0,0.0
FNV_20250310_EC,,0.0026246719160104987,1.0,1.0,0.0026246719160104987
FTNT_2024Q4_EC,,0.0,0.0,0.0,0.0
FTNT_2025Q1_EC,,0.03333333333333333,1.0,2.0,0.03333333333333333
F_20240724_EC,,0.001183431952662722,1.0,1.0,0.001183431952662722
F_20250205_EC,,0.006738544474393531,1.0,1.0,0.006738544474393531
F_20250505_EC,,0.01164294954721863,1.0,2.0,0.01164294954721863
GEHC_20240430_EC,,0.0,0.0,0.0,0.0
GEV_20240425_EC,,0.0,0.0,0.0,0.0
GEV_20240724_EC,,0.0019646365422396855,1.0,2.0,0.0019646365422396855
GEV_20241023_EC,,0.0,0.0,0.0,0.0
GEV_20250122_EC,,0.0,0.0,0.0,0.0
GEV_20250423_EC,,0.001968503937007874,1.0,1.0,0.001968503937007874
GE_20230124_EC,,0.0,0.0,0.0,0.0
GE_20230425_EC,,0.0014144271570014145,1.0,1.0,0.0014144271570014145
GE_20230725_EC,,0.0,0.0,0.0,0.0
GE_20231024_EC,,0.0,0.0,0.0,0.0
GE_20240123_EC,,0.0,0.0,0.0,0.0
GE_20240423_EC,,0.0,0.0,0.0,0.0
GE_20240723_EC,,0.0,0.0,0.0,0.0
GE_20241022_EC,,0.0,0.0,0.0,0.0
GE_20250123_EC,,0.0,0.0,0.0,0.0
GE_20250422_EC,,0.0,0.0,0.0,0.0
GM_2023Q1_EC,,0.0,0.0,0.0,0.0
GM_2023Q2_EC,,0.0,0.0,0.0,0.0
GM_2023Q3_EC,,0.0,0.0,0.0,0.0
GM_2023Q4_EC,,0.0,0.0,0.0,0.0
GM_2024Q1_EC,,0.002617801047120419,1.0,1.0,0.002617801047120419
GM_2024Q2_EC,,0.0,0.0,0.0,0.0
GM_2024Q3_EC,,0.0,0.0,0.0,0.0
GM_2024Q4_EC,,0.0,0.0,0.0,0.0
GM_2025Q1_EC,,0.0,0.0,0.0,0.0
GRMN_2024Q3_EC,,0.002347417840375587,1.0,2.0,0.002347417840375587
GRMN_2024Q4_EC,,0.002053388090349076,1.0,1.0,0.002053388090349076
GRMN_2025Q1_EC,,0.004132231404958678,1.0,1.0,0.004132231404958678
GS_20220718_EC,,0.0,0.0,0.0,0.0
GS_20221018_EC,,0.0,0.0,0.0,0.0
GS_20230117_EC,,0.0017301038062283738,1.0,1.0,0.0017301038062283738
GS_20230418_EC,,0.0,0.0,0.0,0.0
GS_20230719_EC,,0.0016611295681063123,1.0,1.0,0.0016611295681063123
GS_20231017_EC,,0.0014154281670205238,1.0,1.0,0.0014154281670205238
GS_20240116_EC,,0.0,0.0,0.0,0.0
GS_20240415_EC,,0.0,0.0,0.0,0.0
GS_20240715_EC,,0.0,0.0,0.0,0.0
GS_20241015_EC,,0.0,0.0,0.0,0.0
GS_20250115_EC,,0.0,0.0,0.0,0.0
GS_20250414_EC,,0.0,0.0,0.0,0.0
HBANL_20210422_EC,,0.0,0.0,0.0,0.0
HBANL_20210729_EC,,0.0,0.0,0.0,0.0
HBANL_20211028_EC,,0.0,0.0,0.0,0.0
HBANL_20220121_EC,,0.0014005602240896359,1.0,1.0,0.0014005602240896359
HBANL_20220421_EC,,0.0,0.0,0.0,0.0
HBANL_20220721_EC,,0.0,0.0,0.0,0.0
HBANL_20221021_EC,,0.0,0.0,0.0,0.0
HBANL_20230120_EC,,0.0,0.0,0.0,0.0
HBANL_20230420_EC,,0.0,0.0,0.0,0.0
HBANL_20230721_EC,,0.0,0.0,0.0,0.0
HBANL_20231020_EC,,0.0,0.0,0.0,0.0
HBANL_20240119_EC,,0.0,0.0,0.0,0.0
HBANL_20240419_EC,,0.0,0.0,0.0,0.0
HBANL_20240719_EC,,0.0,0.0,0.0,0.0
HBANL_20241017_EC,,0.0,0.0,0.0,0.0
HBANL_20250117_EC,,0.0,0.0,0.0,0.0
HBANL_20250417_EC,,0.0029850746268656717,1.0,1.0,0.0029850746268656717
HBANM_20220721_EC,,0.0,0.0,0.0,0.0
HBANM_20221021_EC,,0.0,0.0,0.0,0.0
HBANM_20230120_EC,,0.0,0.0,0.0,0.0
HBANM_20230420_EC,,0.0,0.0,0.0,0.0
HBANM_20230721_EC,,0.0,0.0,0.0,0.0
HBANM_20231020_EC,,0.0,0.0,0.0,0.0
HBANM_20240119_EC,,0.0,0.0,0.0,0.0
HBANM_20240419_EC,,0.0,0.0,0.0,0.0
HBANM_20240719_EC,,0.0,0.0,0.0,0.0
HBANM_20241017_EC,,0.0,0.0,0.0,0.0
HBANM_20250117_EC,,0.0,0.0,0.0,0.0
HBANM_20250417_EC,,0.0029850746268656717,1.0,1.0,0.0029850746268656717
HCA_20230127_EC,,0.0,0.0,0.0,0.0
HCA_20230421_EC,,0.0,0.0,0.0,0.0
HCA_20240426_EC,,0.0022026431718061676,1.0,1.0,0.0022026431718061676
HCA_20240723_EC,,0.0022026431718061676,1.0,1.0,0.0022026431718061676
HCA_20241025_EC,,0.0,0.0,0.0,0.0
HCA_20250124_EC,,0.0,0.0,0.0,0.0
HCA_20250425_EC,,0.0017825311942959,1.0,1.0,0.0017825311942959
HD_20240813_EC,,0.001184834123222749,1.0,1.0,0.001184834123222749
HD_20241112_EC,,0.001349527665317139,1.0,1.0,0.001349527665317139
HD_20250225_EC,,0.0,0.0,0.0,0.0
HD_20250520_EC,,0.0015174506828528073,1.0,1.0,0.0015174506828528073
HES_20230125_EC,,0.0,0.0,0.0,0.0
HIG_20230428_EC,,0.001272264631043257,1.0,1.0,0.001272264631043257
HIG_20230728_EC,,0.0,0.0,0.0,0.0
HIG_20231027_EC,,0.0026041666666666665,1.0,1.0,0.0026041666666666665
HIG_20240202_EC,,0.002484472049689441,1.0,1.0,0.002484472049689441
HIG_20240426_EC,,0.002484472049689441,1.0,1.0,0.002484472049689441
HIG_20241025_EC,,0.001277139208173691,1.0,1.0,0.001277139208173691
HIG_20250131_EC,,0.0024906600249066002,1.0,1.0,0.0024906600249066002
HIG_20250425_EC,,0.003937007874015748,1.0,1.0,0.003937007874015748
HLT_2024Q3_EC,,0.0,0.0,0.0,0.0
HLT_2024Q4_EC,,0.0,0.0,0.0,0.0
HLT_2025Q1_EC,,0.0005216484089723526,1.0,1.0,0.0005216484089723526
HON_20241024_EC,,0.0,0.0,0.0,0.0
HON_20250206_EC,,0.0,0.0,0.0,0.0
HON_20250429_EC,,0.0,0.0,0.0,0.0
HOOD_20240808_EC,,0.0,0.0,0.0,0.0
HOOD_20241031_EC,,0.009933774834437087,1.0,1.0,0.009933774834437087
HOOD_20250212_EC,,0.0022271714922048997,1.0,1.0,0.0022271714922048997
HOOD_20250430_EC,,0.0,0.0,0.0,0.0
HSBC_20250428_EC,,0.023178807947019868,1.0,1.0,0.023178807947019868
HWM_20240611_EC,,0.0,0.0,0.0,0.0
IBM_20220718_EC,,0.0,0.0,0.0,0.0
IBM_20221019_EC,,0.0010460251046025104,1.0,1.0,0.0010460251046025104
IBM_20230125_EC,,0.00102880658436214,1.0,1.0,0.00102880658436214
IBM_20230419_EC,,0.0,0.0,0.0,0.0
IBM_20230719_EC,,0.0,0.0,0.0,0.0
IBM_20231025_EC,,0.0,0.0,0.0,0.0
IBM_20240124_EC,,0.0,0.0,0.0,0.0
IBM_20240424_EC,,0.0,0.0,0.0,0.0
IBM_20240724_EC,,0.0,0.0,0.0,0.0
IBM_20241023_EC,,0.0,0.0,0.0,0.0
IBM_20250129_EC,,0.0,0.0,0.0,0.0
IBM_20250423_EC,,0.0030349013657056147,1.0,1.0,0.0030349013657056147
ICE_20220804_EC,,0.0,0.0,0.0,0.0
ICE_20221103_EC,,0.0,0.0,0.0,0.0
ICE_20230202_EC,,0.0,0.0,0.0,0.0
ICE_20230504_EC,,0.001658374792703151,1.0,1.0,0.001658374792703151
ICE_20230803_EC,,0.0,0.0,0.0,0.0
ICE_20231102_EC,,0.0,0.0,0.0,0.0
ICE_20240208_EC,,0.0,0.0,0.0,0.0
ICE_20240801_EC,,0.0,0.0,0.0,0.0
ICE_20241031_EC,,0.0,0.0,0.0,0.0
ICE_20250206_EC,,0.0,0.0,0.0,0.0
ICE_20250501_EC,,0.0,0.0,0.0,0.0
IDXX_20240806_EC,,0.0019455252918287938,1.0,1.0,0.0019455252918287938
IDXX_20241031_EC,,0.00199203187250996,1.0,1.0,0.00199203187250996
IDXX_20250203_EC,,0.0022271714922048997,1.0,1.0,0.0022271714922048997
IDXX_20250501_EC,,0.001841620626151013,1.0,1.0,0.001841620626151013
INFY_20220724_EC,,0.0,0.0,0.0,0.0
INFY_20221013_EC,,0.0045045045045045045,1.0,1.0,0.0045045045045045045
INFY_20230112_EC,,0.0017761989342806395,1.0,1.0,0.0017761989342806395
INFY_20230413_EC,,0.0,0.0,0.0,0.0
INFY_20230720_EC,,0.0,0.0,0.0,0.0
INFY_20231012_EC,,0.003048780487804878,1.0,1.0,0.003048780487804878
INFY_20240111_EC,,0.002881844380403458,1.0,1.0,0.002881844380403458
INFY_20240418_EC,,0.0013966480446927375,1.0,1.0,0.0013966480446927375
INFY_20240718_EC,,0.0028328611898017,1.0,1.0,0.0028328611898017
INFY_20241017_EC,,0.0,0.0,0.0,0.0
INFY_20250116_EC,,0.0014064697609001407,1.0,1.0,0.0014064697609001407
INFY_20250417_EC,,0.003401360544217687,1.0,1.0,0.003401360544217687
INTC_20220728_EC,,0.0,0.0,0.0,0.0
INTC_20230126_EC,,0.0,0.0,0.0,0.0
INTC_20230427_EC,,0.0,0.0,0.0,0.0
INTC_20230727_EC,,0.0,0.0,0.0,0.0
INTC_20231026_EC,,0.0,0.0,0.0,0.0
INTC_20240125_EC,,0.0,0.0,0.0,0.0
INTC_20240425_EC,,0.0,0.0,0.0,0.0
INTC_20240801_EC,,0.0024813895781637717,1.0,1.0,0.0024813895781637717
INTC_20241031_EC,,0.0,0.0,0.0,0.0
INTC_20250130_EC,,0.0,0.0,0.0,0.0
INTC_20250424_EC,,0.0,0.0,0.0,0.0
IQV_20221026_EC,,0.001321003963011889,1.0,1.0,0.001321003963011889
IQV_20230210_EC,,0.0013679890560875513,1.0,1.0,0.0013679890560875513
IQV_20230427_EC,,0.0017006802721088435,1.0,1.0,0.0017006802721088435
IQV_20230801_EC,,0.0013986013986013986,1.0,1.0,0.0013986013986013986
IQV_20231101_EC,,0.002472187886279357,1.0,1.0,0.002472187886279357
IQV_20240214_EC,,0.001326259946949602,1.0,1.0,0.001326259946949602
IQV_20240502_EC,,0.0014388489208633094,1.0,1.0,0.0014388489208633094
IQV_20240722_EC,,0.0,0.0,0.0,0.0
IQV_20241031_EC,,0.001277139208173691,1.0,1.0,0.001277139208173691
IQV_20250206_EC,,0.0012755102040816326,1.0,1.0,0.0012755102040816326
IQV_20250506_EC,,0.0011876484560570072,1.0,1.0,0.0011876484560570072
IRM_20220804_EC,,0.0,0.0,0.0,0.0
IRM_20221103_EC,,0.0,0.0,0.0,0.0
IRM_20230223_EC,,0.00392156862745098,1.0,2.0,0.00392156862745098
IRM_20230504_EC,,0.0,0.0,0.0,0.0
IRM_20230803_EC,,0.002457002457002457,1.0,1.0,0.002457002457002457
IRM_20231102_EC,,0.0,0.0,0.0,0.0
IRM_20240222_EC,,0.0,0.0,0.0,0.0
IRM_20240502_EC,,0.003236245954692557,1.0,1.0,0.003236245954692557
IRM_20240801_EC,,0.0,0.0,0.0,0.0
IRM_20241106_EC,,0.0,0.0,0.0,0.0
IRM_20250213_EC,,0.0,0.0,0.0,0.0
IRM_20250501_EC,,0.0029069767441860465,1.0,1.0,0.0029069767441860465
IR_20220224_EC,,0.0,0.0,0.0,0.0
IR_20220505_EC,,0.0,0.0,0.0,0.0
IR_20220804_EC,,0.0,0.0,0.0,0.0
IR_20221103_EC,,0.0,0.0,0.0,0.0
IR_20230221_EC,,0.0015360983102918587,1.0,1.0,0.0015360983102918587
IR_20230504_EC,,0.0017006802721088435,1.0,1.0,0.0017006802721088435
IR_20230803_EC,,0.0022222222222222222,1.0,1.0,0.0022222222222222222
IR_20231102_EC,,0.0018484288354898336,1.0,1.0,0.0018484288354898336
IR_20240216_EC,,0.0017421602787456446,1.0,1.0,0.0017421602787456446
IR_20240503_EC,,0.0031446540880503146,1.0,1.0,0.0031446540880503146
IR_20240801_EC,,0.0030581039755351682,1.0,1.0,0.0030581039755351682
IR_20241101_EC,,0.002777777777777778,1.0,1.0,0.002777777777777778
IR_20250214_EC,,0.006688963210702341,1.0,1.0,0.006688963210702341
IR_20250502_EC,,0.0034071550255536627,1.0,1.0,0.0034071550255536627
ISRG_20240718_EC,,0.0,0.0,0.0,0.0
ISRG_20241017_EC,,0.0,0.0,0.0,0.0
ISRG_20250123_EC,,0.0014245014245014246,1.0,1.0,0.0014245014245014246
ISRG_20250422_EC,,0.0,0.0,0.0,0.0
ITW_20221015_EC,,0.001996007984031936,1.0,1.0,0.001996007984031936
ITW_20230203_EC,,0.0015873015873015873,1.0,1.0,0.0015873015873015873
ITW_20230502_EC,,0.0020242914979757085,1.0,1.0,0.0020242914979757085
ITW_20241030_EC,,0.0016025641025641025,1.0,1.0,0.0016025641025641025
JBL_20250617_EC,,0.001937984496124031,1.0,1.0,0.001937984496124031
JNJ_20240717_EC,,0.0018214936247723133,1.0,1.0,0.0018214936247723133
JNJ_20241015_EC,,0.0023148148148148147,1.0,1.0,0.0023148148148148147
JNJ_20250122_EC,,0.0018214936247723133,1.0,1.0,0.0018214936247723133
JNJ_20250415_EC,,0.0016339869281045752,1.0,1.0,0.0016339869281045752
JPM_20220413_EC,,0.005208333333333333,1.0,1.0,0.005208333333333333
JPM_20221014_EC,,0.002105263157894737,1.0,1.0,0.002105263157894737
JPM_20230113_EC,,0.0,0.0,0.0,0.0
JPM_20230414_EC,,0.00186219739292365,1.0,1.0,0.00186219739292365
JPM_20230714_EC,,0.0028368794326241137,1.0,1.0,0.0028368794326241137
JPM_20231013_EC,,0.0011668611435239206,1.0,1.0,0.0011668611435239206
JPM_20240112_EC,,0.0,0.0,0.0,0.0
JPM_20240712_EC,,0.0,0.0,0.0,0.0
JPM_20241011_EC,,0.0,0.0,0.0,0.0
JPM_20250115_EC,,0.0,0.0,0.0,0.0
JPM_20250610_EC,,0.0,0.0,0.0,0.0
KDP_20240725_EC,,0.0,0.0,0.0,0.0
KDP_20250424_EC,,0.0,0.0,0.0,0.0
KHC_20250212_EC,,0.0,0.0,0.0,0.0
KHC_20250429_EC,,0.0,0.0,0.0,0.0
KLAC_20250130_EC,,0.0017605633802816902,1.0,1.0,0.0017605633802816902
KMB_20240723_EC,,0.0,0.0,0.0,0.0
KMB_20241022_EC,,0.0,0.0,0.0,0.0
KMB_20250128_EC,,0.0,0.0,0.0,0.0
KMB_20250422_EC,,0.0,0.0,0.0,0.0
KO_20220726_EC,,0.0,0.0,0.0,0.0
KO_20221025_EC,,0.0,0.0,0.0,0.0
KO_20230214_EC,,0.0012853470437017994,1.0,2.0,0.0012853470437017994
KO_20230424_EC,,0.0,0.0,0.0,0.0
KO_20230726_EC,,0.002828854314002829,1.0,1.0,0.002828854314002829
KO_20231024_EC,,0.0,0.0,0.0,0.0
KO_20240213_EC,,0.0,0.0,0.0,0.0
KO_20240430_EC,,0.0,0.0,0.0,0.0
KO_20240723_EC,,0.0,0.0,0.0,0.0
KO_20250211_EC,,0.0025188916876574307,1.0,1.0,0.0025188916876574307
KO_20250429_EC,,0.003703703703703704,1.0,1.0,0.003703703703703704
KVUE_20250206_EC,,0.0019120458891013384,1.0,1.0,0.0019120458891013384
KVUE_20250508_EC,,0.0019267822736030828,1.0,1.0,0.0019267822736030828
LHX_2024Q3_EC,,0.0,0.0,0.0,0.0
LHX_2024Q4_EC,,0.0,0.0,0.0,0.0
LHX_2025Q1_EC,,0.0,0.0,0.0,0.0
LIN_20230207_EC,,0.0,0.0,0.0,0.0
LIN_20230427_EC,,0.0,0.0,0.0,0.0
LIN_20230727_EC,,0.0016501650165016502,1.0,1.0,0.0016501650165016502
LIN_20231026_EC,,0.0,0.0,0.0,0.0
LIN_20240206_EC,,0.0017241379310344827,1.0,1.0,0.0017241379310344827
LIN_20240502_EC,,0.0034602076124567475,1.0,1.0,0.0034602076124567475
LIN_20240802_EC,,0.0,0.0,0.0,0.0
LIN_20241031_EC,,0.0015873015873015873,1.0,1.0,0.0015873015873015873
LIN_20250206_EC,,0.0013679890560875513,1.0,1.0,0.0013679890560875513
LIN_20250501_EC,,0.001277139208173691,1.0,1.0,0.001277139208173691
LLY_20230808_EC,,0.0014566642388929353,1.0,2.0,0.0014566642388929353
LLY_20231102_EC,,0.0,0.0,0.0,0.0
LLY_20240206_EC,,0.0,0.0,0.0,0.0
LLY_20241030_EC,,0.0014727540500736377,1.0,1.0,0.0014727540500736377
LLY_20250206_EC,,0.0019083969465648854,1.0,1.0,0.0019083969465648854
LNG_20240808_EC,,0.001694915254237288,1.0,1.0,0.001694915254237288
LNG_20241031_EC,,0.005689900426742532,1.0,1.0,0.005689900426742532
LNG_20250220_EC,,0.001388888888888889,1.0,1.0,0.001388888888888889
LOW_20240820_EC,,0.0,0.0,0.0,0.0
LOW_20241119_EC,,0.003669724770642202,1.0,1.0,0.003669724770642202
LOW_20250226_EC,,0.003669724770642202,1.0,1.0,0.003669724770642202
LOW_20250521_EC,,0.0,0.0,0.0,0.0
LULU_20220901_EC,,0.0,0.0,0.0,0.0
LULU_20221208_EC,,0.0017793594306049821,1.0,1.0,0.0017793594306049821
LULU_20230328_EC,,0.0,0.0,0.0,0.0
LULU_20230601_EC,,0.0019120458891013384,1.0,1.0,0.0019120458891013384
LULU_20230831_EC,,0.0,0.0,0.0,0.0
LULU_20231207_EC,,0.004098360655737705,1.0,1.0,0.004098360655737705
LULU_20240321_EC,,0.0,0.0,0.0,0.0
LULU_20240605_EC,,0.0,0.0,0.0,0.0
LULU_20240829_EC,,0.0,0.0,0.0,0.0
LULU_20241205_EC,,0.002607561929595828,1.0,2.0,0.002607561929595828
LULU_20250327_EC,,0.0,0.0,0.0,0.0
LULU_20250605_EC,,0.0,0.0,0.0,0.0
LVS_20220720_EC,,0.0,0.0,0.0,0.0
LVS_20221019_EC,,0.002570694087403599,1.0,1.0,0.002570694087403599
LVS_20230125_EC,,0.0,0.0,0.0,0.0
LVS_20230419_EC,,0.0,0.0,0.0,0.0
LVS_20230719_EC,,0.0,0.0,0.0,0.0
LVS_20231018_EC,,0.0018450184501845018,1.0,1.0,0.0018450184501845018
LVS_20240124_EC,,0.0017035775127768314,1.0,1.0,0.0017035775127768314
LVS_20240417_EC,,0.0,0.0,0.0,0.0
LVS_20240724_EC,,0.0,0.0,0.0,0.0
LVS_20241023_EC,,0.0,0.0,0.0,0.0
LVS_20250129_EC,,0.0,0.0,0.0,0.0
LVS_20250423_EC,,0.0,0.0,0.0,0.0
LYV_20240730_EC,,0.0,0.0,0.0,0.0
LYV_20241111_EC,,0.0,0.0,0.0,0.0
LYV_20250220_EC,,0.003937007874015748,1.0,1.0,0.003937007874015748
LYV_20250501_EC,,0.003484320557491289,1.0,1.0,0.003484320557491289
MAR_20220802_EC,,0.0,0.0,0.0,0.0
MAR_20221103_EC,,0.002531645569620253,1.0,1.0,0.002531645569620253
MAR_20230214_EC,,0.002070393374741201,1.0,1.0,0.002070393374741201
MAR_20230502_EC,,0.0,0.0,0.0,0.0
MAR_20231102_EC,,0.0,0.0,0.0,0.0
MAR_20240213_EC,,0.0013717421124828531,1.0,1.0,0.0013717421124828531
MAR_20240501_EC,,0.0021141649048625794,1.0,1.0,0.0021141649048625794
MAR_20240731_EC,,0.002506265664160401,1.0,1.0,0.002506265664160401
MAR_20241104_EC,,0.0,0.0,0.0,0.0
MAR_20250211_EC,,0.0,0.0,0.0,0.0
MAR_20250506_EC,,0.0,0.0,0.0,0.0
MA_20240731_EC,,0.001876172607879925,1.0,1.0,0.001876172607879925
MA_20241031_EC,,0.003838771593090211,1.0,1.0,0.003838771593090211
MA_20250130_EC,,0.0018315018315018315,1.0,1.0,0.0018315018315018315
MA_20250501_EC,,0.0019157088122605363,1.0,1.0,0.0019157088122605363
MELI_20240208_EC,,0.001838235294117647,1.0,1.0,0.001838235294117647
MELI_20241106_EC,,0.0,0.0,0.0,0.0
MELI_20250220_EC,,0.0051813471502590676,1.0,1.0,0.0051813471502590676
MELI_20250307_EC,,0.0,0.0,0.0,0.0
MMM_20220726_EC,,0.0,0.0,0.0,0.0
MMM_20221025_EC,,0.0,0.0,0.0,0.0
MMM_20230124_EC,,0.0,0.0,0.0,0.0
MMM_20230425_EC,,0.0,0.0,0.0,0.0
MMM_20230725_EC,,0.0,0.0,0.0,0.0
MMM_20231024_EC,,0.001949317738791423,1.0,1.0,0.001949317738791423
MMM_20240123_EC,,0.0,0.0,0.0,0.0
MMM_20240430_EC,,0.0017699115044247787,1.0,1.0,0.0017699115044247787
MMM_20240726_EC,,0.002183406113537118,1.0,1.0,0.002183406113537118
MMM_20241022_EC,,0.0028653295128939827,1.0,1.0,0.0028653295128939827
MMM_20250121_EC,,0.0,0.0,0.0,0.0
MNST_2024Q4_EC,,0.0,0.0,0.0,0.0
MNST_2025Q1_EC,,0.0035460992907801418,1.0,1.0,0.0035460992907801418
MO_20221027_EC,,0.0017123287671232876,1.0,1.0,0.0017123287671232876
MO_20230201_EC,,0.0,0.0,0.0,0.0
MO_20230427_EC,,0.0019011406844106464,1.0,1.0,0.0019011406844106464
MO_20230801_EC,,0.0,0.0,0.0,0.0
MO_20231026_EC,,0.001834862385321101,1.0,1.0,0.001834862385321101
MO_20240201_EC,,0.0,0.0,0.0,0.0
MO_20240425_EC,,0.0,0.0,0.0,0.0
MO_20240731_EC,,0.0,0.0,0.0,0.0
MO_20241031_EC,,0.0,0.0,0.0,0.0
MO_20250130_EC,,0.0,0.0,0.0,0.0
MO_20250429_EC,,0.0,0.0,0.0,0.0
MPWR_20230809_EC,,0.0,0.0,0.0,0.0
MPWR_20231109_EC,,0.0,0.0,0.0,0.0
MPWR_20240215_EC,,0.0017452006980802793,1.0,1.0,0.0017452006980802793
MPWR_20240508_EC,,0.005361930294906166,1.0,1.0,0.005361930294906166
MPWR_20240801_EC,,0.0,0.0,0.0,0.0
MPWR_20241030_EC,,0.0,0.0,0.0,0.0
MPWR_20250206_EC,,0.0,0.0,0.0,0.0
MPWR_20250501_EC,,0.0020833333333333333,1.0,1.0,0.0020833333333333333
MRVL_20240829_EC,,0.0,0.0,0.0,0.0
MRVL_20241203_EC,,0.0,0.0,0.0,0.0
MRVL_20250305_EC,,0.0,0.0,0.0,0.0
MRVL_20250529_EC,,0.0,0.0,0.0,0.0
MSCI_20241029_EC,,0.0013605442176870747,1.0,1.0,0.0013605442176870747
MSI_20240801_EC,,0.0,0.0,0.0,0.0
MSI_20241107_EC,,0.0018050541516245488,1.0,1.0,0.0018050541516245488
MSI_20250213_EC,,0.0,0.0,0.0,0.0
MSI_20250501_EC,,0.0,0.0,0.0,0.0
MTB_20240718_EC,,0.004143646408839779,1.0,1.0,0.004143646408839779
MTB_20241017_EC,,0.0016750418760469012,1.0,2.0,0.0016750418760469012
MTB_20250116_EC,,0.004143646408839779,1.0,1.0,0.004143646408839779
MTB_20250414_EC,,0.001466275659824047,1.0,2.0,0.001466275659824047
MU_20240925_EC,,0.0,0.0,0.0,0.0
MU_20241218_EC,,0.0,0.0,0.0,0.0
MU_20250320_EC,,0.0016863406408094434,1.0,1.0,0.0016863406408094434
MU_20250625_EC,,0.0,0.0,0.0,0.0
NDAQ_20241024_EC,,0.0017793594306049821,1.0,1.0,0.0017793594306049821
NDAQ_20250129_EC,,0.0,0.0,0.0,0.0
NDAQ_20250424_EC,,0.0016722408026755853,1.0,1.0,0.0016722408026755853
NEE_20240724_EC,,0.0018656716417910447,1.0,1.0,0.0018656716417910447
NEE_20241023_EC,,0.0,0.0,0.0,0.0
NEE_20250124_EC,,0.0016666666666666668,1.0,2.0,0.0016666666666666668
NEE_20250423_EC,,0.0,0.0,0.0,0.0
NEM_2022Q2_EC,,0.0016515276630883566,1.0,1.0,0.0016515276630883566
NEM_2022Q3_EC,,0.0,0.0,0.0,0.0
NEM_2022Q4_EC,,0.0008025682182985554,1.0,1.0,0.0008025682182985554
NEM_2023Q1_EC,,0.0,0.0,0.0,0.0
NEM_2023Q2_EC,,0.0,0.0,0.0,0.0
NEM_2023Q3_EC,,0.0,0.0,0.0,0.0
NEM_2023Q4_EC,,0.0,0.0,0.0,0.0
NEM_2024Q1_EC,,0.0,0.0,0.0,0.0
NEM_2024Q2_EC,,0.0,0.0,0.0,0.0
NEM_2024Q3_EC,,0.0,0.0,0.0,0.0
NEM_2024Q4_EC,,0.0,0.0,0.0,0.0
NEM_2025Q1_EC,,0.0020222446916076846,1.0,2.0,0.0020222446916076846
NKE_20220627_EC,,0.0,0.0,0.0,0.0
NKE_20220929_EC,,0.00099601593625498,1.0,1.0,0.00099601593625498
NKE_20221220_EC,,0.0,0.0,0.0,0.0
NKE_20230321_EC,,0.0,0.0,0.0,0.0
NKE_20230928_EC,,0.0,0.0,0.0,0.0
NKE_20231221_EC,,0.0,0.0,0.0,0.0
NKE_20240321_EC,,0.0010482180293501049,1.0,1.0,0.0010482180293501049
NKE_20240627_EC,,0.0,0.0,0.0,0.0
NKE_20241001_EC,,0.0014347202295552368,1.0,1.0,0.0014347202295552368
NKE_20241219_EC,,0.0,0.0,0.0,0.0
NKE_20250320_EC,,0.0010905125408942203,1.0,1.0,0.0010905125408942203
NOW_20240725_EC,,0.00234192037470726,1.0,1.0,0.00234192037470726
NOW_20241024_EC,,0.001422475106685633,1.0,1.0,0.001422475106685633
NOW_20250130_EC,,0.003188097768331562,1.0,1.0,0.003188097768331562
NOW_20250424_EC,,0.0038560411311053984,1.0,1.0,0.0038560411311053984
NRG_20241108_EC,,0.0,0.0,0.0,0.0
NRG_20250226_EC,,0.0,0.0,0.0,0.0
NRG_20250512_EC,,0.0021551724137931034,1.0,1.0,0.0021551724137931034
NTRA_20230228_EC,,0.0029542097488921715,1.0,1.0,0.0029542097488921715
NTRA_20230509_EC,,0.0,0.0,0.0,0.0
NTRA_20230803_EC,,0.0,0.0,0.0,0.0
NTRA_20231108_EC,,0.0033613445378151263,1.0,1.0,0.0033613445378151263
NTRA_20240228_EC,,0.0012004801920768306,1.0,1.0,0.0012004801920768306
NTRA_20240509_EC,,0.0014684287812041115,1.0,1.0,0.0014684287812041115
NTRA_20240808_EC,,0.0,0.0,0.0,0.0
NTRA_20241112_EC,,0.001692047377326565,1.0,1.0,0.001692047377326565
NTRA_20250227_EC,,0.0,0.0,0.0,0.0
NTRA_20250508_EC,,0.0,0.0,0.0,0.0
NVO_20240131_EC,,0.0018050541516245488,1.0,1.0,0.0018050541516245488
NVO_20240502_EC,,0.0,0.0,0.0,0.0
NVO_20240807_EC,,0.0017241379310344827,1.0,1.0,0.0017241379310344827
NVO_20241106_EC,,0.0,0.0,0.0,0.0
NVO_20250205_EC,,0.0,0.0,0.0,0.0
NVO_20250507_EC,,0.0,0.0,0.0,0.0
NVS_20220719_EC,,0.0015698587127158557,1.0,1.0,0.0015698587127158557
NVS_20221025_EC,,0.0,0.0,0.0,0.0
NVS_20230201_EC,,0.0,0.0,0.0,0.0
NVS_20230425_EC,,0.0019342359767891683,1.0,1.0,0.0019342359767891683
NVS_20230718_EC,,0.004319654427645789,1.0,1.0,0.004319654427645789
NVS_20231024_EC,,0.0,0.0,0.0,0.0
NVS_20240131_EC,,0.0,0.0,0.0,0.0
NVS_20240429_EC,,0.0024875621890547263,1.0,1.0,0.0024875621890547263
NVS_20240718_EC,,0.0020161290322580645,1.0,1.0,0.0020161290322580645
NVS_20241029_EC,,0.0,0.0,0.0,0.0
NVS_20250131_EC,,0.004866180048661801,1.0,1.0,0.004866180048661801
NVS_20250429_EC,,0.0,0.0,0.0,0.0
ODFL_20240724_EC,,0.0,0.0,0.0,0.0
ODFL_20241023_EC,,0.0,0.0,0.0,0.0
ODFL_20250205_EC,,0.0,0.0,0.0,0.0
ODFL_20250423_EC,,0.011990407673860911,1.0,2.0,0.011990407673860911
ONON_20220816_EC,,0.0,0.0,0.0,0.0
ONON_20221116_EC,,0.0,0.0,0.0,0.0
ONON_20230221_EC,,0.0047169811320754715,1.0,1.0,0.0047169811320754715
ONON_20230516_EC,,0.0029895366218236174,1.0,1.0,0.0029895366218236174
ONON_20230815_EC,,0.0072254335260115606,1.0,1.0,0.0072254335260115606
ONON_20231114_EC,,0.0013605442176870747,1.0,1.0,0.0013605442176870747
ONON_20240312_EC,,0.002600780234070221,1.0,1.0,0.002600780234070221
ONON_20240514_EC,,0.001692047377326565,1.0,1.0,0.001692047377326565
ONON_20240813_EC,,0.0031496062992125984,1.0,1.0,0.0031496062992125984
ONON_20241112_EC,,0.0017301038062283738,1.0,1.0,0.0017301038062283738
ONON_20250304_EC,,0.0029282576866764276,1.0,1.0,0.0029282576866764276
ONON_20250513_EC,,0.0014388489208633094,1.0,1.0,0.0014388489208633094
ORLY_20230209_EC,,0.0,0.0,0.0,0.0
ORLY_20240425_EC,,0.0,0.0,0.0,0.0
ORLY_20240725_EC,,0.0,0.0,0.0,0.0
ORLY_20241024_EC,,0.0,0.0,0.0,0.0
ORLY_20250206_EC,,0.0,0.0,0.0,0.0
ORLY_20250424_EC,,0.0,0.0,0.0,0.0
OTIS_20240131_EC,,0.002036659877800407,1.0,1.0,0.002036659877800407
OTIS_20240424_EC,,0.002036659877800407,1.0,1.0,0.002036659877800407
OTIS_20240724_EC,,0.0017094017094017094,1.0,1.0,0.0017094017094017094
OTIS_20241030_EC,,0.0,0.0,0.0,0.0
OTIS_20250129_EC,,0.0011737089201877935,1.0,1.0,0.0011737089201877935
OTIS_20250423_EC,,0.001519756838905775,1.0,1.0,0.001519756838905775
OXY_20240808_EC,,0.011419249592169658,1.0,1.0,0.011419249592169658
OXY_20241113_EC,,0.0013986013986013986,1.0,1.0,0.0013986013986013986
OXY_20250219_EC,,0.006060606060606061,1.0,1.0,0.006060606060606061
OXY_20250508_EC,,0.00234192037470726,1.0,1.0,0.00234192037470726
PANW_20230221_EC,,0.0,0.0,0.0,0.0
PANW_20230523_EC,,0.00411522633744856,1.0,1.0,0.00411522633744856
PANW_20231115_EC,,0.0,0.0,0.0,0.0
PANW_20231117_EC,,0.0,0.0,0.0,0.0
PANW_20240220_EC,,0.0,0.0,0.0,0.0
PANW_20240520_EC,,0.0017605633802816902,1.0,1.0,0.0017605633802816902
PANW_20240819_EC,,0.0,0.0,0.0,0.0
PANW_20241120_EC,,0.0,0.0,0.0,0.0
PANW_20250213_EC,,0.0,0.0,0.0,0.0
PANW_20250520_EC,,0.0,0.0,0.0,0.0
PCG_20240725_EC,,0.001610305958132045,1.0,1.0,0.001610305958132045
PCG_20241107_EC,,0.0,0.0,0.0,0.0
PCG_20250213_EC,,0.0019083969465648854,1.0,1.0,0.0019083969465648854
PCG_20250424_EC,,0.004201680672268907,1.0,1.0,0.004201680672268907
PDD_20220829_EC,,0.001183431952662722,1.0,1.0,0.001183431952662722
PDD_20221128_EC,,0.0,0.0,0.0,0.0
PDD_20230320_EC,,0.0,0.0,0.0,0.0
PDD_20230526_EC,,0.0014992503748125937,1.0,1.0,0.0014992503748125937
PDD_20231128_EC,,0.0,0.0,0.0,0.0
PDD_20240320_EC,,0.0,0.0,0.0,0.0
PDD_20240522_EC,,0.0,0.0,0.0,0.0
PDD_20240826_EC,,0.0,0.0,0.0,0.0
PDD_20241121_EC,,0.0,0.0,0.0,0.0
PDD_20250320_EC,,0.0,0.0,0.0,0.0
PDD_20250527_EC,,0.0,0.0,0.0,0.0
PEG_20220802_EC,,0.0,0.0,0.0,0.0
PEG_20221031_EC,,0.0015174506828528073,1.0,1.0,0.0015174506828528073
PEG_20230221_EC,,0.0013054830287206266,1.0,1.0,0.0013054830287206266
PEG_20230502_EC,,0.0026845637583892616,1.0,2.0,0.0026845637583892616
PEG_20230801_EC,,0.0,0.0,0.0,0.0
PEG_20231030_EC,,0.0,0.0,0.0,0.0
PEG_20240226_EC,,0.0,0.0,0.0,0.0
PEG_20240430_EC,,0.0,0.0,0.0,0.0
PEG_20240730_EC,,0.0,0.0,0.0,0.0
PEG_20241105_EC,,0.0,0.0,0.0,0.0
PEG_20250225_EC,,0.0,0.0,0.0,0.0
PEG_20250430_EC,,0.0,0.0,0.0,0.0
PEP_20240711_EC,,0.0,0.0,0.0,0.0
PEP_20241008_EC,,0.0,0.0,0.0,0.0
PEP_20250204_EC,,0.0,0.0,0.0,0.0
PEP_20250424_EC,,0.0,0.0,0.0,0.0
PFE_20240730_EC,,0.0,0.0,0.0,0.0
PFE_20241029_EC,,0.002280501710376283,1.0,1.0,0.002280501710376283
PFE_20250204_EC,,0.0,0.0,0.0,0.0
PFE_20250429_EC,,0.0,0.0,0.0,0.0
PGR_20241105_EC,,0.004761904761904762,1.0,1.0,0.004761904761904762
PGR_20250506_EC,,0.0024096385542168677,1.0,1.0,0.0024096385542168677
PG_20240419_EC,,0.0,0.0,0.0,0.0
PG_20240720_EC,,0.0,0.0,0.0,0.0
PG_20241018_EC,,0.0,0.0,0.0,0.0
PG_20250122_EC,,0.0,0.0,0.0,0.0
PG_20250424_EC,,0.0027397260273972603,1.0,2.0,0.0027397260273972603
PH_20240808_EC,,0.0,0.0,0.0,0.0
PH_20250130_EC,,0.0,0.0,0.0,0.0
PH_20250501_EC,,0.0,0.0,0.0,0.0
PLD_20220718_EC,,0.0017985611510791368,1.0,1.0,0.0017985611510791368
PLD_20221019_EC,,0.0,0.0,0.0,0.0
PLD_20230118_EC,,0.0,0.0,0.0,0.0
PLD_20230418_EC,,0.0019305019305019305,1.0,1.0,0.0019305019305019305
PLD_20230718_EC,,0.0021413276231263384,1.0,1.0,0.0021413276231263384
PLD_20231017_EC,,0.0044943820224719105,1.0,1.0,0.0044943820224719105
PLD_20240117_EC,,0.0,0.0,0.0,0.0
PLD_20240417_EC,,0.0021008403361344537,1.0,1.0,0.0021008403361344537
PLD_20240717_EC,,0.0,0.0,0.0,0.0
PLD_20241016_EC,,0.0,0.0,0.0,0.0
PLD_20250121_EC,,0.0,0.0,0.0,0.0
PLD_20250416_EC,,0.004434589800443459,1.0,1.0,0.004434589800443459
PLTR_20240805_EC,,0.005763688760806916,1.0,1.0,0.005763688760806916
PLTR_20241104_EC,,0.00641025641025641,1.0,1.0,0.00641025641025641
PLTR_20250203_EC,,0.007792207792207792,1.0,1.0,0.007792207792207792
PLTR_20250505_EC,,0.005865102639296188,1.0,1.0,0.005865102639296188
PM_20220721_EC,,0.0,0.0,0.0,0.0
PM_20221020_EC,,0.0017793594306049821,1.0,1.0,0.0017793594306049821
PM_20230209_EC,,0.0,0.0,0.0,0.0
PM_20230420_EC,,0.0,0.0,0.0,0.0
PM_20230720_EC,,0.0,0.0,0.0,0.0
PM_20231019_EC,,0.0,0.0,0.0,0.0
PM_20240208_EC,,0.0,0.0,0.0,0.0
PM_20240423_EC,,0.0,0.0,0.0,0.0
PM_20240723_EC,,0.0,0.0,0.0,0.0
PM_20241022_EC,,0.0,0.0,0.0,0.0
PM_20250206_EC,,0.0,0.0,0.0,0.0
PM_20250423_EC,,0.0,0.0,0.0,0.0
PPG_20220422_EC,,0.0016806722689075631,1.0,1.0,0.0016806722689075631
PPG_20220722_EC,,0.0015503875968992248,1.0,1.0,0.0015503875968992248
PPG_20221020_EC,,0.0014684287812041115,1.0,1.0,0.0014684287812041115
PPG_20230120_EC,,0.0011890606420927466,1.0,1.0,0.0011890606420927466
PPG_20230421_EC,,0.0029850746268656717,1.0,1.0,0.0029850746268656717
PPG_20230721_EC,,0.0017699115044247787,1.0,1.0,0.0017699115044247787
PPG_20231019_EC,,0.003289473684210526,1.0,1.0,0.003289473684210526
PPG_20240119_EC,,0.0012004801920768306,1.0,1.0,0.0012004801920768306
PPG_20240419_EC,,0.0013513513513513514,1.0,1.0,0.0013513513513513514
PPG_20240719_EC,,0.0013850415512465374,1.0,1.0,0.0013850415512465374
PPG_20241017_EC,,0.0016501650165016502,1.0,1.0,0.0016501650165016502
PPG_20250131_EC,,0.0017985611510791368,1.0,1.0,0.0017985611510791368
PPG_20250430_EC,,0.002824858757062147,1.0,1.0,0.002824858757062147
PSA_20220806_EC,,0.0,0.0,0.0,0.0
PSA_20230505_EC,,0.0,0.0,0.0,0.0
PSA_20231101_EC,,0.0,0.0,0.0,0.0
PSA_20240222_EC,,0.0,0.0,0.0,0.0
PSA_20240502_EC,,0.002331002331002331,1.0,1.0,0.002331002331002331
PSA_20240801_EC,,0.0,0.0,0.0,0.0
PSA_20250502_EC,,0.0,0.0,0.0,0.0
PWR_20250220_EC,,0.023483365949119372,1.0,1.0,0.023483365949119372
PWR_20250501_EC,,0.039301310043668124,1.0,2.0,0.039301310043668124
PYPL_20220803_EC,,0.0020429009193054137,1.0,1.0,0.0020429009193054137
PYPL_20221104_EC,,0.0,0.0,0.0,0.0
PYPL_2022428_EC,,0.0,0.0,0.0,0.0
PYPL_20230210_EC,,0.0009852216748768472,1.0,1.0,0.0009852216748768472
PYPL_20230509_EC,,0.0012406947890818859,1.0,1.0,0.0012406947890818859
PYPL_20231102_EC,,0.001567398119122257,1.0,1.0,0.001567398119122257
PYPL_20240430_EC,,0.0017271157167530224,1.0,1.0,0.0017271157167530224
PYPL_20250204_EC,,0.0018050541516245488,1.0,1.0,0.0018050541516245488
PYPL_20250429_EC,,0.0,0.0,0.0,0.0
QCOM_20241106_EC,,0.0,0.0,0.0,0.0
QCOM_20250205_EC,,0.002849002849002849,1.0,1.0,0.002849002849002849
QSR_2024Q2_EC,,0.0,0.0,0.0,0.0
QSR_2024Q3_EC,,0.0,0.0,0.0,0.0
QSR_2024Q4_EC,,0.0,0.0,0.0,0.0
QSR_2025Q1_EC,,0.0,0.0,0.0,0.0
RBLX_20230215_EC,,0.0058823529411764705,1.0,1.0,0.0058823529411764705
RBLX_20230510_EC,,0.0026041666666666665,1.0,1.0,0.0026041666666666665
RBLX_20230809_EC,,0.0033444816053511705,1.0,1.0,0.0033444816053511705
RBLX_20231108_EC,,0.002777777777777778,1.0,1.0,0.002777777777777778
RBLX_20240207_EC,,0.002857142857142857,1.0,1.0,0.002857142857142857
RBLX_20240509_EC,,0.003003003003003003,1.0,1.0,0.003003003003003003
RBLX_20240801_EC,,0.0,0.0,0.0,0.0
RBLX_20241031_EC,,0.002890173410404624,1.0,1.0,0.002890173410404624
RBLX_20250206_EC,,0.012461059190031152,1.0,1.0,0.012461059190031152
RBLX_20250501_EC,,0.012461059190031152,1.0,1.0,0.012461059190031152
RCL_20250429_EC,,0.0,0.0,0.0,0.0
RDDT_20240507_EC,,0.004470938897168405,1.0,1.0,0.004470938897168405
RDDT_20240806_EC,,0.0015015015015015015,1.0,1.0,0.0015015015015015015
RDDT_20241029_EC,,0.001639344262295082,1.0,1.0,0.001639344262295082
RDDT_20250212_EC,,0.001451378809869376,1.0,1.0,0.001451378809869376
RDDT_20250501_EC,,0.0014084507042253522,1.0,2.0,0.0014084507042253522
RJF_20250423_EC,,0.00315955766192733,1.0,2.0,0.00315955766192733
RKT_20240502_EC,,0.0035398230088495575,1.0,1.0,0.0035398230088495575
RKT_20241112_EC,,0.002136752136752137,1.0,1.0,0.002136752136752137
RKT_20250227_EC,,0.004319654427645789,1.0,1.0,0.004319654427645789
RMD_20250130_EC,,0.0,0.0,0.0,0.0
RMD_20250423_EC,,0.0,0.0,0.0,0.0
ROK_20220503_EC,,0.0,0.0,0.0,0.0
ROK_20220727_EC,,0.0,0.0,0.0,0.0
ROK_20221102_EC,,0.0,0.0,0.0,0.0
ROK_20230420_EC,,0.0,0.0,0.0,0.0
ROK_20230427_EC,,0.0,0.0,0.0,0.0
ROK_20230801_EC,,0.0,0.0,0.0,0.0
ROL_20250213_EC,,0.0021321961620469083,1.0,1.0,0.0021321961620469083
ROL_20250424_EC,,0.0,0.0,0.0,0.0
ROP_2023Q3_EC,,0.0081799591002045,1.0,2.0,0.0081799591002045
ROP_2024Q1_EC,,0.0,0.0,0.0,0.0
ROP_2024Q3_EC,,0.003952569169960474,1.0,1.0,0.003952569169960474
ROP_2024Q4_EC,,0.003105590062111801,1.0,1.0,0.003105590062111801
ROP_2025Q1_EC,,0.0,0.0,0.0,0.0
ROST_20240823_EC,,0.002150537634408602,1.0,1.0,0.002150537634408602
ROST_20241122_EC,,0.0,0.0,0.0,0.0
ROST_20250305_EC,,0.0,0.0,0.0,0.0
ROST_20250523_EC,,0.0,0.0,0.0,0.0
RSG_20250424_EC,,0.0,0.0,0.0,0.0
RTX_20220726_EC,,0.0,0.0,0.0,0.0
RTX_20221025_EC,,0.0,0.0,0.0,0.0
RTX_20230124_EC,,0.0,0.0,0.0,0.0
RTX_20230425_EC,,0.002386634844868735,1.0,1.0,0.002386634844868735
RTX_20230725_EC,,0.0,0.0,0.0,0.0
RTX_20240123_EC,,0.0,0.0,0.0,0.0
RTX_20240423_EC,,0.0,0.0,0.0,0.0
RTX_20240725_EC,,0.0017271157167530224,1.0,1.0,0.0017271157167530224
RTX_20241022_EC,,0.0021008403361344537,1.0,1.0,0.0021008403361344537
RTX_20250128_EC,,0.0,0.0,0.0,0.0
RTX_20250422_EC,,0.003257328990228013,1.0,1.0,0.003257328990228013
RYAAY_20220725_EC,,0.0,0.0,0.0,0.0
RYAAY_20250519_EC,,0.0020833333333333333,1.0,1.0,0.0020833333333333333
RY_20240828_EC,,0.0014064697609001407,1.0,1.0,0.0014064697609001407
RY_20241204_EC,,0.0,0.0,0.0,0.0
RY_20250529_EC,,0.0,0.0,0.0,0.0
SAP_20241021_EC,,0.0,0.0,0.0,0.0
SAP_20250128_EC,,0.0,0.0,0.0,0.0
SAP_20250422_EC,,0.0,0.0,0.0,0.0
SE_20221115_EC,,0.0,0.0,0.0,0.0
SE_20230307_EC,,0.0016722408026755853,1.0,1.0,0.0016722408026755853
SE_20230516_EC,,0.0,0.0,0.0,0.0
SE_20230815_EC,,0.0,0.0,0.0,0.0
SE_20231114_EC,,0.0013245033112582781,1.0,1.0,0.0013245033112582781
SE_20240304_EC,,0.001589825119236884,1.0,1.0,0.001589825119236884
SE_20240514_EC,,0.0033222591362126247,1.0,1.0,0.0033222591362126247
SE_20240813_EC,,0.0012690355329949238,1.0,1.0,0.0012690355329949238
SE_20241112_EC,,0.0029282576866764276,1.0,1.0,0.0029282576866764276
SE_20250304_EC,,0.001443001443001443,1.0,1.0,0.001443001443001443
SE_20250513_EC,,0.0031007751937984496,1.0,1.0,0.0031007751937984496
SHOP_20250211_EC,,0.0024449877750611247,1.0,1.0,0.0024449877750611247
SHOP_20250508_EC,,0.002421307506053269,1.0,1.0,0.002421307506053269
SHW_20210727_EC,,0.0,0.0,0.0,0.0
SHW_20211026_EC,,0.0009832841691248771,1.0,1.0,0.0009832841691248771
SHW_20220127_EC,,0.0,0.0,0.0,0.0
SHW_20220426_EC,,0.0,0.0,0.0,0.0
SHW_20220727_EC,,0.0008361204013377926,1.0,1.0,0.0008361204013377926
SHW_20221025_EC,,0.0,0.0,0.0,0.0
SHW_20230126_EC,,0.0,0.0,0.0,0.0
SHW_20230425_EC,,0.0,0.0,0.0,0.0
SHW_20230725_EC,,0.0,0.0,0.0,0.0
SHW_20231024_EC,,0.0,0.0,0.0,0.0
SHW_20240125_EC,,0.0014771048744460858,1.0,1.0,0.0014771048744460858
SHW_20240423_EC,,0.0,0.0,0.0,0.0
SHW_20240723_EC,,0.0,0.0,0.0,0.0
SHW_20241022_EC,,0.0,0.0,0.0,0.0
SHW_20250130_EC,,0.0,0.0,0.0,0.0
SHW_20250429_EC,,0.0,0.0,0.0,0.0
SLB_20210122_EC,,0.0,0.0,0.0,0.0
SLB_20210423_EC,,0.0,0.0,0.0,0.0
SLB_20210723_EC,,0.0,0.0,0.0,0.0
SLB_20211022_EC,,0.0,0.0,0.0,0.0
SLB_20220121_EC,,0.0,0.0,0.0,0.0
SLB_20220422_EC,,0.0,0.0,0.0,0.0
SLB_20220722_EC,,0.0,0.0,0.0,0.0
SLB_20230120_EC,,0.0,0.0,0.0,0.0
SLB_20230421_EC,,0.0,0.0,0.0,0.0
SLB_20230721_EC,,0.0,0.0,0.0,0.0
SLB_20231020_EC,,0.0017730496453900709,1.0,1.0,0.0017730496453900709
SLB_20240119_EC,,0.0,0.0,0.0,0.0
SLB_20240419_EC,,0.0,0.0,0.0,0.0
SLB_20240719_EC,,0.0,0.0,0.0,0.0
SLB_20241018_EC,,0.0,0.0,0.0,0.0
SLB_20250117_EC,,0.0014347202295552368,1.0,1.0,0.0014347202295552368
SLB_20250425_EC,,0.0013736263736263737,1.0,1.0,0.0013736263736263737
SMCI_20220503_EC,,0.0015723270440251573,1.0,1.0,0.0015723270440251573
SMCI_20220809_EC,,0.001392757660167131,1.0,1.0,0.001392757660167131
SMCI_20221101_EC,,0.001201923076923077,1.0,1.0,0.001201923076923077
SMCI_20230131_EC,,0.001402524544179523,1.0,1.0,0.001402524544179523
SMCI_20230502_EC,,0.00196078431372549,1.0,1.0,0.00196078431372549
SMCI_20230808_EC,,0.0013605442176870747,1.0,1.0,0.0013605442176870747
SMCI_20231101_EC,,0.0015151515151515152,1.0,1.0,0.0015151515151515152
SMCI_20240129_EC,,0.0049261083743842365,1.0,1.0,0.0049261083743842365
SMCI_20240430_EC,,0.001669449081803005,1.0,1.0,0.001669449081803005
SMCI_20240806_EC,,0.0012515644555694619,1.0,1.0,0.0012515644555694619
SMCI_20241105_EC,,0.0016051364365971107,1.0,1.0,0.0016051364365971107
SMCI_20250211_EC,,0.0014684287812041115,1.0,1.0,0.0014684287812041115
SMCI_20250506_EC,,0.0017406440382941688,1.0,1.0,0.0017406440382941688
SNOW_20220825_EC,,0.0,0.0,0.0,0.0
SNOW_20230525_EC,,0.0,0.0,0.0,0.0
SNOW_20230824_EC,,0.0032520325203252032,1.0,1.0,0.0032520325203252032
SNOW_20231130_EC,,0.001567398119122257,1.0,1.0,0.001567398119122257
SNOW_20250227_EC,,0.004098360655737705,1.0,1.0,0.004098360655737705
SNOW_20250522_EC,,0.0,0.0,0.0,0.0
SNPS_20240824_EC,,0.0,0.0,0.0,0.0
SNPS_20241205_EC,,0.0017699115044247787,1.0,1.0,0.0017699115044247787
SNPS_20250529_EC,,0.0,0.0,0.0,0.0
SNY_20230427_EC,,0.0017241379310344827,1.0,1.0,0.0017241379310344827
SNY_20231027_EC,,0.0017241379310344827,1.0,1.0,0.0017241379310344827
SNY_20240201_EC,,0.0019120458891013384,1.0,1.0,0.0019120458891013384
SNY_20240425_EC,,0.0017271157167530224,1.0,1.0,0.0017271157167530224
SNY_20240725_EC,,0.0022988505747126436,1.0,1.0,0.0022988505747126436
SNY_20241025_EC,,0.0018214936247723133,1.0,1.0,0.0018214936247723133
SNY_20250130_EC,,0.005555555555555556,1.0,1.0,0.005555555555555556
SPGI_20221027_EC,,0.0,0.0,0.0,0.0
SPGI_20230427_EC,,0.0017953321364452424,1.0,1.0,0.0017953321364452424
SPGI_20230727_EC,,0.002136752136752137,1.0,1.0,0.002136752136752137
SPGI_20240208_EC,,0.0,0.0,0.0,0.0
SPGI_20240730_EC,,0.0,0.0,0.0,0.0
SPGI_20241024_EC,,0.0,0.0,0.0,0.0
SPGI_20250429_EC,,0.0,0.0,0.0,0.0
SPOT_20220727_EC,,0.008968609865470852,1.0,4.0,0.008968609865470852
SPOT_20221025_EC,,0.0,0.0,0.0,0.0
SPOT_20230131_EC,,0.0,0.0,0.0,0.0
SPOT_20230425_EC,,0.0,0.0,0.0,0.0
SPOT_20230725_EC,,0.0,0.0,0.0,0.0
SPOT_20231024_EC,,0.0,0.0,0.0,0.0
SPOT_20240206_EC,,0.0,0.0,0.0,0.0
SPOT_20240423_EC,,0.006329113924050633,1.0,1.0,0.006329113924050633
SPOT_20240723_EC,,0.006711409395973154,1.0,1.0,0.006711409395973154
SPOT_20241112_EC,,0.0,0.0,0.0,0.0
SPOT_20250204_EC,,0.0,0.0,0.0,0.0
SPOT_20250429_EC,,0.0,0.0,0.0,0.0
STM_20250424_EC,,0.0015408320493066256,1.0,1.0,0.0015408320493066256
STT_2023Q1_EC,,0.0,0.0,0.0,0.0
STT_2023Q2_EC,,0.0,0.0,0.0,0.0
STT_2024Q3_EC,,0.0,0.0,0.0,0.0
STT_2024Q4_EC,,0.003436426116838488,1.0,1.0,0.003436426116838488
STT_2025Q1_EC,,0.0,0.0,0.0,0.0
STX_2024Q4_EC,,0.0,0.0,0.0,0.0
STX_2025Q1_EC,,0.0,0.0,0.0,0.0
SYK_20240430_EC,,0.0,0.0,0.0,0.0
SYK_20240730_EC,,0.0,0.0,0.0,0.0
SYK_20241029_EC,,0.00130718954248366,1.0,1.0,0.00130718954248366
SYK_20250128_EC,,0.0,0.0,0.0,0.0
SYK_20250501_EC,,0.0032,1.0,1.0,0.0032
SYM_2025Q1_EC,,0.0,0.0,0.0,0.0
SYY_20231031_EC,,0.0,0.0,0.0,0.0
SYY_20240130_EC,,0.0,0.0,0.0,0.0
SYY_20240430_EC,,0.0,0.0,0.0,0.0
SYY_20240730_EC,,0.0,0.0,0.0,0.0
SYY_20241029_EC,,0.0,0.0,0.0,0.0
SYY_20250429_EC,,0.0,0.0,0.0,0.0
TBB_20240724_EC,,0.0,0.0,0.0,0.0
TBB_20241023_EC,,0.0,0.0,0.0,0.0
TBB_20250127_EC,,0.0,0.0,0.0,0.0
TBB_20250423_EC,,0.0,0.0,0.0,0.0
TCOM_20230608_EC,,0.0,0.0,0.0,0.0
TCOM_20230905_EC,,0.0017035775127768314,1.0,1.0,0.0017035775127768314
TCOM_20231121_EC,,0.0,0.0,0.0,0.0
TCOM_20240222_EC,,0.0,0.0,0.0,0.0
TCOM_20240521_EC,,0.0,0.0,0.0,0.0
TCOM_20240827_EC,,0.0,0.0,0.0,0.0
TCOM_20241119_EC,,0.0,0.0,0.0,0.0
TCOM_20250206_EC,,0.0,0.0,0.0,0.0
TCOM_20250519_EC,,0.0029411764705882353,1.0,1.0,0.0029411764705882353
TD_20240523_EC,,0.0,0.0,0.0,0.0
TD_20240822_EC,,0.0,0.0,0.0,0.0
TD_20241205_EC,,0.0,0.0,0.0,0.0
TD_20250227_EC,,0.0,0.0,0.0,0.0
TD_20250522_EC,,0.0,0.0,0.0,0.0
TEAM_20220804_EC,,0.0,0.0,0.0,0.0
TEAM_20221103_EC,,0.0,0.0,0.0,0.0
TEAM_20230202_EC,,0.0017985611510791368,1.0,1.0,0.0017985611510791368
TEAM_20230504_EC,,0.0,0.0,0.0,0.0
TEAM_20230803_EC,,0.0,0.0,0.0,0.0
TEAM_20231102_EC,,0.0,0.0,0.0,0.0
TEAM_20240201_EC,,0.0021551724137931034,1.0,1.0,0.0021551724137931034
TEAM_20240425_EC,,0.003738317757009346,1.0,2.0,0.003738317757009346
TEAM_20240801_EC,,0.0,0.0,0.0,0.0
TEAM_20241031_EC,,0.0,0.0,0.0,0.0
TEAM_20250130_EC,,0.0,0.0,0.0,0.0
TEAM_20250501_EC,,0.0,0.0,0.0,0.0
TGT_20240305_EC,,0.0,0.0,0.0,0.0
TGT_20240821_EC,,0.0,0.0,0.0,0.0
TGT_20241120_EC,,0.0012453300124533001,1.0,1.0,0.0012453300124533001
TGT_20250304_EC,,0.0,0.0,0.0,0.0
TGT_20250521_EC,,0.0,0.0,0.0,0.0
TJX_20220817_EC,,0.010362694300518135,1.0,1.0,0.010362694300518135
TJX_20221116_EC,,0.0018450184501845018,1.0,1.0,0.0018450184501845018
TJX_20230222_EC,,0.0018315018315018315,1.0,1.0,0.0018315018315018315
TJX_20230517_EC,,0.0,0.0,0.0,0.0
TJX_20230816_EC,,0.0038910505836575876,1.0,1.0,0.0038910505836575876
TJX_20231115_EC,,0.0,0.0,0.0,0.0
TJX_20240228_EC,,0.0,0.0,0.0,0.0
TJX_20240522_EC,,0.0035026269702276708,1.0,1.0,0.0035026269702276708
TJX_20240821_EC,,0.0,0.0,0.0,0.0
TJX_20241120_EC,,0.001669449081803005,1.0,1.0,0.001669449081803005
TJX_20250226_EC,,0.0017064846416382253,1.0,1.0,0.0017064846416382253
TJX_20250521_EC,,0.0024330900243309003,1.0,1.0,0.0024330900243309003
TMO_20250423_EC,,0.0,0.0,0.0,0.0
TM_20221101_EC,,0.0,0.0,0.0,0.0
TM_20230510_EC,,0.0,0.0,0.0,0.0
TM_20231101_EC,,0.0,0.0,0.0,0.0
TM_20240508_EC,,0.0,0.0,0.0,0.0
TM_20241106_EC,,0.0,0.0,0.0,0.0
TM_20250508_EC,,0.0,0.0,0.0,0.0
TOK_20231107_EC,,0.0,0.0,0.0,0.0
TOK_20240227_EC,,0.0,0.0,0.0,0.0
TOK_20240508_EC,,0.0,0.0,0.0,0.0
TOK_20240808_EC,,0.0,0.0,0.0,0.0
TOK_20241106_EC,,0.0,0.0,0.0,0.0
TOK_20250226_EC,,0.0,0.0,0.0,0.0
TOK_20250508_EC,,0.0,0.0,0.0,0.0
TRI_20240801_EC,,0.001941747572815534,1.0,1.0,0.001941747572815534
TRI_20241105_EC,,0.0017513134851138354,1.0,1.0,0.0017513134851138354
TRI_20250206_EC,,0.0017452006980802793,1.0,1.0,0.0017452006980802793
TRI_20250501_EC,,0.0034542314335060447,1.0,1.0,0.0034542314335060447
TRV_2023Q4_EC,,0.0,0.0,0.0,0.0
TRV_2024Q1_EC,,0.0014064697609001407,1.0,1.0,0.0014064697609001407
TRV_2024Q2_EC,,0.0,0.0,0.0,0.0
TRV_2024Q3_EC,,0.0018587360594795538,1.0,1.0,0.0018587360594795538
TRV_2024Q4_EC,,0.0,0.0,0.0,0.0
TRV_2025Q1_EC,,0.0,0.0,0.0,0.0
TSCO_20220721_EC,,0.0,0.0,0.0,0.0
TSCO_20221020_EC,,0.0,0.0,0.0,0.0
TSCO_20230126_EC,,0.00145985401459854,1.0,1.0,0.00145985401459854
TSCO_20230427_EC,,0.0,0.0,0.0,0.0
TSCO_20230727_EC,,0.0,0.0,0.0,0.0
TSCO_20231026_EC,,0.0,0.0,0.0,0.0
TSCO_20240201_EC,,0.0,0.0,0.0,0.0
TSCO_20240425_EC,,0.0034542314335060447,1.0,1.0,0.0034542314335060447
TSCO_20240725_EC,,0.0,0.0,0.0,0.0
TSCO_20241024_EC,,0.0,0.0,0.0,0.0
TSCO_20250130_EC,,0.0,0.0,0.0,0.0
TSCO_20250424_EC,,0.0,0.0,0.0,0.0
TSLA_20220720_EC,,0.006002400960384154,1.0,1.0,0.006002400960384154
TSLA_20221019_EC,,0.008620689655172414,1.0,2.0,0.008620689655172414
TSLA_20230419_EC,,0.0078125,1.0,1.0,0.0078125
TSLA_20231018_EC,,0.0036596523330283625,1.0,1.0,0.0036596523330283625
TSLA_20240123_EC,,0.0034924330616996507,1.0,1.0,0.0034924330616996507
TSLA_20240423_EC,,0.00772626931567329,1.0,1.0,0.00772626931567329
TSLA_20240723_EC,,0.008350730688935281,1.0,1.0,0.008350730688935281
TSLA_20241023_EC,,0.0010214504596527069,1.0,1.0,0.0010214504596527069
TSLA_20250129_EC,,0.004644681839294009,1.0,2.0,0.004644681839294009
TSLA_20250422_EC,,0.0030165912518853697,1.0,1.0,0.0030165912518853697
TTD_20230510_EC,,0.0,0.0,0.0,0.0
TTD_20230809_EC,,0.0,0.0,0.0,0.0
TTD_20231109_EC,,0.0,0.0,0.0,0.0
TTD_20240215_EC,,0.0,0.0,0.0,0.0
TTD_20240508_EC,,0.002188183807439825,1.0,1.0,0.002188183807439825
TTD_20240808_EC,,0.0,0.0,0.0,0.0
TTD_20241107_EC,,0.0,0.0,0.0,0.0
TTD_20250212_EC,,0.0,0.0,0.0,0.0
TTD_20250508_EC,,0.0,0.0,0.0,0.0
TTE_20240725_EC,,0.0012106537530266344,1.0,1.0,0.0012106537530266344
TTE_20241031_EC,,0.0012048192771084338,1.0,1.0,0.0012048192771084338
TTE_20250430_EC,,0.0011210762331838565,1.0,1.0,0.0011210762331838565
TTWO_20241106_EC,,0.0022727272727272726,1.0,1.0,0.0022727272727272726
TT_20230503_EC,,0.0,0.0,0.0,0.0
TT_20241030_EC,,0.0,0.0,0.0,0.0
TW_20240425_EC,,0.0,0.0,0.0,0.0
TXN_20220726_EC,,0.003676470588235294,1.0,1.0,0.003676470588235294
TXN_20221025_EC,,0.006472491909385114,1.0,1.0,0.006472491909385114
TXN_20230124_EC,,0.0036496350364963502,1.0,1.0,0.0036496350364963502
TXN_20230425_EC,,0.0,0.0,0.0,0.0
TXN_20230725_EC,,0.0,0.0,0.0,0.0
TXN_20240123_EC,,0.0,0.0,0.0,0.0
TXN_20240423_EC,,0.0,0.0,0.0,0.0
TXN_20240723_EC,,0.0,0.0,0.0,0.0
TXN_20241022_EC,,0.0,0.0,0.0,0.0
TXN_20250123_EC,,0.0,0.0,0.0,0.0
TXN_20250423_EC,,0.0,0.0,0.0,0.0
T_20230125_EC,,0.0,0.0,0.0,0.0
T_20230420_EC,,0.0,0.0,0.0,0.0
T_20231019_EC,,0.0,0.0,0.0,0.0
T_20240724_EC,,0.0,0.0,0.0,0.0
T_20241023_EC,,0.0,0.0,0.0,0.0
T_20250127_EC,,0.0,0.0,0.0,0.0
T_20250423_EC,,0.0,0.0,0.0,0.0
UBER_20220802_EC,,0.002583979328165375,1.0,1.0,0.002583979328165375
UBER_20221101_EC,,0.002652519893899204,1.0,1.0,0.002652519893899204
UBER_20230208_EC,,0.0026041666666666665,1.0,1.0,0.0026041666666666665
UBER_20230502_EC,,0.0,0.0,0.0,0.0
UBER_20230801_EC,,0.002197802197802198,1.0,1.0,0.002197802197802198
UBER_20231107_EC,,0.0,0.0,0.0,0.0
UBER_20240207_EC,,0.007782101167315175,1.0,1.0,0.007782101167315175
UBER_20240508_EC,,0.003484320557491289,1.0,1.0,0.003484320557491289
UBER_20240806_EC,,0.008823529411764706,1.0,1.0,0.008823529411764706
UBER_20241031_EC,,0.005333333333333333,1.0,1.0,0.005333333333333333
UBER_20250205_EC,,0.002967359050445104,1.0,1.0,0.002967359050445104
UBER_20250507_EC,,0.003134796238244514,1.0,3.0,0.003134796238244514
UL_20220428_EC,,0.00267379679144385,1.0,1.0,0.00267379679144385
UL_20220726_EC,,0.0026666666666666666,1.0,1.0,0.0026666666666666666
UL_20221027_EC,,0.0,0.0,0.0,0.0
UL_20230209_EC,,0.0,0.0,0.0,0.0
UL_20230427_EC,,0.0,0.0,0.0,0.0
UL_20230725_EC,,0.008639308855291577,1.0,2.0,0.008639308855291577
UL_20231026_EC,,0.0,0.0,0.0,0.0
UL_20240208_EC,,0.0011890606420927466,1.0,1.0,0.0011890606420927466
UL_20240425_EC,,0.0,0.0,0.0,0.0
UL_20240725_EC,,0.0,0.0,0.0,0.0
UL_20241024_EC,,0.0,0.0,0.0,0.0
UL_20250213_EC,,0.0,0.0,0.0,0.0
UNP_20221020_EC,,0.0,0.0,0.0,0.0
UNP_20230124_EC,,0.0,0.0,0.0,0.0
UNP_20230420_EC,,0.003942181340341655,1.0,1.0,0.003942181340341655
UNP_20230726_EC,,0.0011668611435239206,1.0,1.0,0.0011668611435239206
UNP_20231019_EC,,0.0,0.0,0.0,0.0
UNP_20240125_EC,,0.0,0.0,0.0,0.0
UNP_20240425_EC,,0.0,0.0,0.0,0.0
UNP_20240725_EC,,0.0,0.0,0.0,0.0
UNP_20241024_EC,,0.0,0.0,0.0,0.0
UNP_20250123_EC,,0.0026845637583892616,1.0,2.0,0.0026845637583892616
UNP_20250424_EC,,0.0,0.0,0.0,0.0
UPS_20250423_EC,,0.002443195699975568,1.0,2.0,0.002443195699975568
USB_20240117_EC,,0.0,0.0,0.0,0.0
USB_20240717_EC,,0.0,0.0,0.0,0.0
USB_20241016_EC,,0.0,0.0,0.0,0.0
USB_20250116_EC,,0.0,0.0,0.0,0.0
USB_20250416_EC,,0.003110419906687403,1.0,1.0,0.003110419906687403
VEEV_20220831_EC,,0.007853403141361256,1.0,1.0,0.007853403141361256
VEEV_20221201_EC,,0.0022371364653243847,1.0,1.0,0.0022371364653243847
VEEV_20230301_EC,,0.0,0.0,0.0,0.0
VEEV_20230531_EC,,0.0018975332068311196,1.0,1.0,0.0018975332068311196
VEEV_20230830_EC,,0.0025940337224383916,1.0,1.0,0.0025940337224383916
VEEV_20231206_EC,,0.0019047619047619048,1.0,1.0,0.0019047619047619048
VEEV_20240229_EC,,0.0016906170752324597,1.0,2.0,0.0016906170752324597
VEEV_20240530_EC,,0.0013908205841446453,1.0,1.0,0.0013908205841446453
VEEV_20241205_EC,,0.0034904013961605585,1.0,1.0,0.0034904013961605585
VEEV_20250305_EC,,0.0029940119760479044,1.0,1.0,0.0029940119760479044
VEEV_20250528_EC,,0.0037313432835820895,1.0,1.0,0.0037313432835820895
VG_20250306_EC,,0.0,0.0,0.0,0.0
VG_20250513_EC,,0.0,0.0,0.0,0.0
VLO_20250130_EC,,0.0,0.0,0.0,0.0
VLO_20250424_EC,,0.002066115702479339,1.0,1.0,0.002066115702479339
VRSK_20220223_EC,,0.0,0.0,0.0,0.0
VRSK_20220504_EC,,0.0,0.0,0.0,0.0
VRSK_20220803_EC,,0.0,0.0,0.0,0.0
VRSK_20221102_EC,,0.0,0.0,0.0,0.0
VRSK_20230301_EC,,0.001658374792703151,1.0,1.0,0.001658374792703151
VRSK_20230503_EC,,0.0,0.0,0.0,0.0
VRSK_20230802_EC,,0.001841620626151013,1.0,1.0,0.001841620626151013
VRSK_20231101_EC,,0.0,0.0,0.0,0.0
VRSK_20240221_EC,,0.0035714285714285713,1.0,1.0,0.0035714285714285713
VRSK_20240501_EC,,0.0,0.0,0.0,0.0
VRSK_20240731_EC,,0.0,0.0,0.0,0.0
VRSK_20241030_EC,,0.0018552875695732839,1.0,1.0,0.0018552875695732839
VRSK_20250226_EC,,0.0,0.0,0.0,0.0
VRSK_20250507_EC,,0.0,0.0,0.0,0.0
VRTX_20240801_EC,,0.0,0.0,0.0,0.0
VRTX_20241104_EC,,0.0,0.0,0.0,0.0
VRTX_20250210_EC,,0.0,0.0,0.0,0.0
VRTX_20250505_EC,,0.0,0.0,0.0,0.0
VRT_2024Q3_EC,,0.003048780487804878,1.0,1.0,0.003048780487804878
VRT_2024Q4_EC,,0.0017064846416382253,1.0,1.0,0.0017064846416382253
VRT_2025Q1_EC,,0.001876172607879925,1.0,1.0,0.001876172607879925
VST_2024Q2_EC,,0.0,0.0,0.0,0.0
VST_2024Q3_EC,,0.0,0.0,0.0,0.0
VST_2024Q4_EC,,0.0,0.0,0.0,0.0
VST_2025Q1_EC,,0.0,0.0,0.0,0.0
VZ_20220722_EC,,0.0024009603841536613,1.0,1.0,0.0024009603841536613
VZ_20221021_EC,,0.004514672686230248,1.0,1.0,0.004514672686230248
VZ_20230124_EC,,0.0024509803921568627,1.0,1.0,0.0024509803921568627
VZ_20230425_EC,,0.0023752969121140144,1.0,1.0,0.0023752969121140144
VZ_20230725_EC,,0.004672897196261682,1.0,1.0,0.004672897196261682
VZ_20240123_EC,,0.0022522522522522522,1.0,1.0,0.0022522522522522522
VZ_20240422_EC,,0.0023148148148148147,1.0,1.0,0.0023148148148148147
VZ_20240722_EC,,0.0021141649048625794,1.0,1.0,0.0021141649048625794
VZ_20250124_EC,,0.002188183807439825,1.0,1.0,0.002188183807439825
VZ_20250422_EC,,0.0020833333333333333,1.0,1.0,0.0020833333333333333
WBD_20220224_EC,,0.0,0.0,0.0,0.0
WBD_20220426_EC,,0.0010666666666666667,1.0,1.0,0.0010666666666666667
WBD_20220804_EC,,0.0,0.0,0.0,0.0
WBD_20221103_EC,,0.0,0.0,0.0,0.0
WBD_20230223_EC,,0.0013717421124828531,1.0,1.0,0.0013717421124828531
WBD_20230505_EC,,0.0015060240963855422,1.0,1.0,0.0015060240963855422
WBD_20230803_EC,,0.0,0.0,0.0,0.0
WBD_20231108_EC,,0.0,0.0,0.0,0.0
WBD_20240223_EC,,0.0,0.0,0.0,0.0
WBD_20240509_EC,,0.0,0.0,0.0,0.0
WBD_20240807_EC,,0.0,0.0,0.0,0.0
WBD_20241107_EC,,0.0,0.0,0.0,0.0
WBD_20250227_EC,,0.0,0.0,0.0,0.0
WBD_20250508_EC,,0.0,0.0,0.0,0.0
WELL_20240729_EC,,0.0013477088948787063,1.0,1.0,0.0013477088948787063
WELL_20241028_EC,,0.0031201248049922,1.0,1.0,0.0031201248049922
WELL_20250501_EC,,0.0011668611435239206,1.0,1.0,0.0011668611435239206
WM_20220727_EC,,0.0,0.0,0.0,0.0
WM_20221026_EC,,0.0034423407917383822,1.0,1.0,0.0034423407917383822
WM_20230201_EC,,0.0,0.0,0.0,0.0
WM_20230213_EC,,0.0,0.0,0.0,0.0
WM_20230726_EC,,0.0,0.0,0.0,0.0
WM_20240425_EC,,0.0,0.0,0.0,0.0
WM_20240725_EC,,0.0,0.0,0.0,0.0
WM_20241029_EC,,0.0017331022530329288,1.0,1.0,0.0017331022530329288
WM_20250130_EC,,0.0014347202295552368,1.0,1.0,0.0014347202295552368
WM_20250429_EC,,0.004008016032064128,1.0,1.0,0.004008016032064128
WRB_20220127_EC,,0.006493506493506494,1.0,1.0,0.006493506493506494
WRB_20220425_EC,,0.0,0.0,0.0,0.0
WRB_20220721_EC,,0.001447178002894356,1.0,1.0,0.001447178002894356
WRB_20221024_EC,,0.0035335689045936395,1.0,1.0,0.0035335689045936395
WRB_20230126_EC,,0.0014970059880239522,1.0,1.0,0.0014970059880239522
WRB_20230420_EC,,0.001451378809869376,1.0,1.0,0.001451378809869376
WRB_20230720_EC,,0.0016778523489932886,1.0,1.0,0.0016778523489932886
WRB_20231023_EC,,0.0,0.0,0.0,0.0
WRB_20240124_EC,,0.0018050541516245488,1.0,1.0,0.0018050541516245488
WRB_20240423_EC,,0.002347417840375587,1.0,2.0,0.002347417840375587
WRB_20240722_EC,,0.0018587360594795538,1.0,1.0,0.0018587360594795538
WRB_20241021_EC,,0.0,0.0,0.0,0.0
WRB_20250127_EC,,0.0014727540500736377,1.0,1.0,0.0014727540500736377
WRB_20250421_EC,,0.0036496350364963502,1.0,1.0,0.0036496350364963502
WTW_2025Q1_EC,,0.00186219739292365,1.0,1.0,0.00186219739292365
XEL_20240801_EC,,0.0,0.0,0.0,0.0
XEL_20241031_EC,,0.0,0.0,0.0,0.0
XEL_20250206_EC,,0.004166666666666667,1.0,1.0,0.004166666666666667
XEL_20250424_EC,,0.0,0.0,0.0,0.0
XOM_20230131_EC,,0.0,0.0,0.0,0.0
XOM_20230728_EC,,0.0,0.0,0.0,0.0
XOM_20231027_EC,,0.0,0.0,0.0,0.0
XOM_20240526_EC,,0.0,0.0,0.0,0.0
XOM_20240802_EC,,0.0,0.0,0.0,0.0
XOM_20241101_EC,,0.0,0.0,0.0,0.0
XOM_20250131_EC,,0.0,0.0,0.0,0.0
XOM_20250502_EC,,0.0,0.0,0.0,0.0
YUM_20231101_EC,,0.0,0.0,0.0,0.0
YUM_20240207_EC,,0.0,0.0,0.0,0.0
YUM_20240501_EC,,0.0,0.0,0.0,0.0
YUM_20240806_EC,,0.0024813895781637717,1.0,1.0,0.0024813895781637717
YUM_20241105_EC,,0.0,0.0,0.0,0.0
YUM_20250206_EC,,0.0,0.0,0.0,0.0
YUM_20250430_EC,,0.0020876826722338203,1.0,1.0,0.0020876826722338203
ZM_20220523_EC,,0.006122448979591836,1.0,1.0,0.006122448979591836
ZM_20220822_EC,,0.004210526315789474,1.0,1.0,0.004210526315789474
ZM_20221121_EC,,0.006607929515418502,1.0,1.0,0.006607929515418502
ZM_20230227_EC,,0.003395585738539898,1.0,1.0,0.003395585738539898
ZM_20230522_EC,,0.004987531172069825,1.0,1.0,0.004987531172069825
ZM_20230821_EC,,0.002070393374741201,1.0,1.0,0.002070393374741201
ZM_20231120_EC,,0.008565310492505354,1.0,1.0,0.008565310492505354
ZM_20240520_EC,,0.0044444444444444444,1.0,2.0,0.0044444444444444444
ZM_20240821_EC,,0.001890359168241966,1.0,2.0,0.001890359168241966
ZM_20241125_EC,,0.007168458781362007,1.0,1.0,0.007168458781362007
ZM_20250224_EC,,0.004862236628849271,1.0,1.0,0.004862236628849271
ZM_20250521_EC,,0.010443864229765013,1.0,1.0,0.010443864229765013
ZTS_20220804_EC,,0.0,0.0,0.0,0.0
ZTS_20221103_EC,,0.0,0.0,0.0,0.0
ZTS_20230214_EC,,0.0,0.0,0.0,0.0
ZTS_20230504_EC,,0.0,0.0,0.0,0.0
ZTS_20230808_EC,,0.0,0.0,0.0,0.0
ZTS_20231102_EC,,0.0,0.0,0.0,0.0
ZTS_20240213_EC,,0.0,0.0,0.0,0.0
ZTS_20240502_EC,,0.001579778830963665,1.0,1.0,0.001579778830963665
ZTS_20240806_EC,,0.0,0.0,0.0,0.0
ZTS_20241104_EC,,0.0,0.0,0.0,0.0
ZTS_20250213_EC,,0.0,0.0,0.0,0.0
ZTS_20250506_EC,,0.0,0.0,0.0,0.0
abnb_20221031_EC,,0.0,0.0,0.0,0.0
abnb_20230131_EC,,0.0,0.0,0.0,0.0
abnb_20230430_EC,,0.0,0.0,0.0,0.0
abnb_20230731_EC,,0.0,0.0,0.0,0.0
abnb_20231031_EC,,0.0,0.0,0.0,0.0
abnb_20240131_EC,,0.0,0.0,0.0,0.0
abnb_20240430_EC,,0.0,0.0,0.0,0.0
abnb_20240731_EC,,0.0017452006980802793,1.0,1.0,0.0017452006980802793
abnb_20241031_EC,,0.0016556291390728477,1.0,1.0,0.0016556291390728477
abnb_20250131_EC,,0.0,0.0,0.0,0.0
abnb_20250430_EC,,0.0,0.0,0.0,0.0
amp_20240430_EC,,0.002028397565922921,1.0,1.0,0.002028397565922921
amp_20240731_EC,,0.0,0.0,0.0,0.0
amp_20250430_EC,,0.002207505518763797,1.0,1.0,0.002207505518763797
as_20250430_EC,,0.004120879120879121,1.0,1.0,0.004120879120879121
cah_20220803_EC,,0.0017857142857142857,1.0,1.0,0.0017857142857142857
cah_20221102_EC,,0.002232142857142857,1.0,1.0,0.002232142857142857
cah_20230201_EC,,0.0,0.0,0.0,0.0
cah_20230726_EC,,0.0,0.0,0.0,0.0
cah_20240131_EC,,0.0,0.0,0.0,0.0
cah_20240731_EC,,0.0017921146953405018,1.0,1.0,0.0017921146953405018
cah_20241030_EC,,0.0,0.0,0.0,0.0
cah_20250128_EC,,0.0016778523489932886,1.0,1.0,0.0016778523489932886
ci_20221031_EC,,0.0,0.0,0.0,0.0
ci_20230131_EC,,0.0,0.0,0.0,0.0
ci_20231031_EC,,0.0,0.0,0.0,0.0
ci_20240430_EC,,0.0,0.0,0.0,0.0
ci_20241031_EC,,0.0016339869281045752,1.0,1.0,0.0016339869281045752
ci_20250131_EC,,0.0,0.0,0.0,0.0
ci_20250430_EC,,0.0,0.0,0.0,0.0
dd_20230425_EC,,0.0016556291390728477,1.0,1.0,0.0016556291390728477
dd_20230725_EC,,0.003436426116838488,1.0,1.0,0.003436426116838488
dd_20231025_EC,,0.0,0.0,0.0,0.0
dd_20240502_EC,,0.0018450184501845018,1.0,1.0,0.0018450184501845018
dd_20240723_EC,,0.002188183807439825,1.0,1.0,0.002188183807439825
dd_20241022_EC,,0.004301075268817204,1.0,1.0,0.004301075268817204
dd_20250423_EC,,0.002012072434607646,1.0,1.0,0.002012072434607646
flut_20241031_EC,,0.0,0.0,0.0,0.0
flut_20250131_EC,,0.001890359168241966,1.0,1.0,0.001890359168241966
gww_20241031_EC,,0.0,0.0,0.0,0.0
gww_20250131_EC,,0.0034423407917383822,1.0,1.0,0.0034423407917383822
hpq_20220731_EC,,0.0,0.0,0.0,0.0
hpq_20230131_EC,,0.0,0.0,0.0,0.0
hpq_20230731_EC,,0.0031645569620253164,1.0,2.0,0.0031645569620253164
hpq_20240131_EC,,0.0,0.0,0.0,0.0
hpq_20240430_EC,,0.002074688796680498,1.0,1.0,0.002074688796680498
hpq_20240731_EC,,0.0,0.0,0.0,0.0
hpq_20241031_EC,,0.0,0.0,0.0,0.0
hpq_20250131_EC,,0.0,0.0,0.0,0.0
hpq_20250430_EC,,0.0,0.0,0.0,0.0
hpq_20250731_EC,,0.0,0.0,0.0,0.0
hubs_20230131_EC,,0.0,0.0,0.0,0.0
hubs_20231025_EC,,0.0018181818181818182,1.0,1.0,0.0018181818181818182
hubs_20240213_EC,,0.0,0.0,0.0,0.0
hubs_20240502_EC,,0.0,0.0,0.0,0.0
hubs_20241022_EC,,0.00702576112412178,1.0,1.0,0.00702576112412178
hubs_20250423_EC,,0.0,0.0,0.0,0.0
hum_20220423_EC,,0.008316008316008316,1.0,1.0,0.008316008316008316
hum_20221025_EC,,0.001838235294117647,1.0,1.0,0.001838235294117647
hum_20230131_EC,,0.00211864406779661,1.0,1.0,0.00211864406779661
hum_20230425_EC,,0.0027397260273972603,1.0,1.0,0.0027397260273972603
hum_20230725_EC,,0.002277904328018223,1.0,1.0,0.002277904328018223
hum_20231025_EC,,0.0,0.0,0.0,0.0
hum_20240213_EC,,0.0033003300330033004,1.0,1.0,0.0033003300330033004
hum_20240502_EC,,0.0,0.0,0.0,0.0
hum_20240723_EC,,0.0,0.0,0.0,0.0
hum_20241022_EC,,0.0023584905660377358,1.0,1.0,0.0023584905660377358
hum_20250423_EC,,0.0,0.0,0.0,0.0
ibkr_20230430_EC,,0.0,0.0,0.0,0.0
ibkr_20230731_EC,,0.003795066413662239,1.0,1.0,0.003795066413662239
ibkr_20231031_EC,,0.0032679738562091504,1.0,1.0,0.0032679738562091504
ibkr_20240131_EC,,0.0,0.0,0.0,0.0
ibkr_20240430_EC,,0.00267379679144385,1.0,1.0,0.00267379679144385
ibkr_20240731_EC,,0.003896103896103896,1.0,1.0,0.003896103896103896
ibkr_20241031_EC,,0.0017605633802816902,1.0,1.0,0.0017605633802816902
ibkr_20250131_EC,,0.0,0.0,0.0,0.0
ibkr_20250430_EC,,0.003395585738539898,1.0,1.0,0.003395585738539898
iot_20230430_EC,,0.0071174377224199285,1.0,1.0,0.0071174377224199285
iot_20230731_EC,,0.0,0.0,0.0,0.0
iot_20240131_EC,,0.002932551319648094,1.0,1.0,0.002932551319648094
iot_20240731_EC,,0.0070921985815602835,1.0,1.0,0.0070921985815602835
iot_20250430_EC,,0.0,0.0,0.0,0.0
iot_20251031_EC,,0.0,0.0,0.0,0.0
iot_20260131_EC,,0.0,0.0,0.0,0.0
iot_20260430_EC,,0.0,0.0,0.0,0.0
jd_20230815_EC,,0.0,0.0,0.0,0.0
jd_20230823_EC,,0.0,0.0,0.0,0.0
jd_20240307_EC,,0.0,0.0,0.0,0.0
jd_20240314_EC,,0.0,0.0,0.0,0.0
jd_20240516_EC,,0.0,0.0,0.0,0.0
jd_20240815_EC,,0.0,0.0,0.0,0.0
jd_20250306_EC,,0.0,0.0,0.0,0.0
jd_20250520_EC,,0.0,0.0,0.0,0.0
keys_20230425_EC,,0.0,0.0,0.0,0.0
keys_20230725_EC,,0.0,0.0,0.0,0.0
keys_20231025_EC,,0.002145922746781116,1.0,1.0,0.002145922746781116
keys_20240213_EC,,0.0,0.0,0.0,0.0
keys_20240502_EC,,0.0,0.0,0.0,0.0
keys_20240722_EC,,0.0,0.0,0.0,0.0
keys_20240723_EC,,0.0,0.0,0.0,0.0
keys_20250423_EC,,0.0,0.0,0.0,0.0
kr_20221013_EC,,0.0,0.0,0.0,0.0
kr_20221208_EC,,0.0,0.0,0.0,0.0
kr_20230309_EC,,0.0,0.0,0.0,0.0
kr_20230622_EC,,0.0,0.0,0.0,0.0
kr_20230914_EC,,0.0,0.0,0.0,0.0
kr_20231207_EC,,0.0,0.0,0.0,0.0
kr_20240307_EC,,0.0,0.0,0.0,0.0
kr_20240620_EC,,0.0,0.0,0.0,0.0
kr_20240912_EC,,0.0,0.0,0.0,0.0
kr_20241205_EC,,0.001718213058419244,1.0,1.0,0.001718213058419244
kr_20250612_EC,,0.0,0.0,0.0,0.0
mco_20250423_EC,,0.0019001554672655036,1.0,2.0,0.0019001554672655036
mdlz_20220426_EC,,0.0014727540500736377,1.0,1.0,0.0014727540500736377
mdlz_20220726_EC,,0.0,0.0,0.0,0.0
mdlz_20221101_EC,,0.0,0.0,0.0,0.0
mdlz_20230727_EC,,0.0,0.0,0.0,0.0
mdlz_20231101_EC,,0.0,0.0,0.0,0.0
mdlz_20240130_EC,,0.0,0.0,0.0,0.0
mdlz_20240430_EC,,0.001607717041800643,1.0,1.0,0.001607717041800643
mdlz_20240730_EC,,0.0017985611510791368,1.0,1.0,0.0017985611510791368
mdlz_20241029_EC,,0.0,0.0,0.0,0.0
mdlz_20250204_EC,,0.0,0.0,0.0,0.0
mdlz_20250429_EC,,0.0,0.0,0.0,0.0
ntes_20231116_EC,,0.0037735849056603774,1.0,1.0,0.0037735849056603774
ntes_20240229_EC,,0.0012406947890818859,1.0,1.0,0.0012406947890818859
ntes_20240523_EC,,0.001422475106685633,1.0,1.0,0.001422475106685633
ntes_20240822_EC,,0.0025940337224383916,1.0,1.0,0.0025940337224383916
ntes_20241114_EC,,0.0030959752321981426,1.0,1.0,0.0030959752321981426
ntes_20250220_EC,,0.0,0.0,0.0,0.0
ntes_20250515_EC,,0.0,0.0,0.0,0.0
oke_20250131_EC,,0.0017331022530329288,1.0,1.0,0.0017331022530329288
oke_20250430_EC,,0.0,0.0,0.0,0.0
phm_20240731_EC,,0.0012515644555694619,1.0,1.0,0.0012515644555694619
phm_20241031_EC,,0.0013280212483399733,1.0,1.0,0.0013280212483399733
phm_20250430_EC,,0.0015625,1.0,1.0,0.0015625
tdg_20250131_EC,,0.0,0.0,0.0,0.0
tdg_20250430_EC,,0.0,0.0,0.0,0.0
tel_20230731_EC,,0.0,0.0,0.0,0.0
tel_20241031_EC,,0.0,0.0,0.0,0.0
tel_20250130_EC,,0.002066115702479339,1.0,1.0,0.002066115702479339
tel_20250131_EC,,0.0,0.0,0.0,0.0
vik_20241031_EC,,0.004942339373970346,1.0,2.0,0.004942339373970346
vik_20250131_EC,,0.0014204545454545455,1.0,1.0,0.0014204545454545455
vik_20250430_EC,,0.00333889816360601,1.0,1.0,0.00333889816360601
